session_test_id,code_anonyme,age,genre,musicien,musicien_longueur,musicien_debut,musicien_diplome,deficience,info_methode,session_uuid,trial_id,rating_stimulus,rating_score,rating_time,rating_comment
test_clarinette_casque,P01,18,homme,non,,,non,oui,Sons,43380d06-154f-44f6-a800-5e6d3f13b971,Entrainement,AEN_5,50,2054,
test_clarinette_casque,P01,18,homme,non,,,non,oui,Sons,43380d06-154f-44f6-a800-5e6d3f13b971,Entrainement,AEN_4,50,2054,
test_clarinette_casque,P01,18,homme,non,,,non,oui,Sons,43380d06-154f-44f6-a800-5e6d3f13b971,Entrainement,AEN_3,50,2054,
test_clarinette_casque,P01,18,homme,non,,,non,oui,Sons,43380d06-154f-44f6-a800-5e6d3f13b971,Entrainement,AEN_2,50,2054,
test_clarinette_casque,P01,18,homme,non,,,non,oui,Sons,43380d06-154f-44f6-a800-5e6d3f13b971,Entrainement,reference,50,2054,
test_clarinette_casque,P01,18,homme,non,,,non,oui,Sons,43380d06-154f-44f6-a800-5e6d3f13b971,P_P2,AC3P_1C_DN,50,1397,
test_clarinette_casque,P01,18,homme,non,,,non,oui,Sons,43380d06-154f-44f6-a800-5e6d3f13b971,P_P2,AR1P_1C_DN,50,1397,
test_clarinette_casque,P01,18,homme,non,,,non,oui,Sons,43380d06-154f-44f6-a800-5e6d3f13b971,P_P2,AA7P_1C_DN,50,1397,
test_clarinette_casque,P01,18,homme,non,,,non,oui,Sons,43380d06-154f-44f6-a800-5e6d3f13b971,P_P2,reference,50,1397,
test_clarinette_casque,P01,18,homme,non,,,non,oui,Sons,43380d06-154f-44f6-a800-5e6d3f13b971,P_P1,reference,50,414,
test_clarinette_casque,P01,18,homme,non,,,non,oui,Sons,43380d06-154f-44f6-a800-5e6d3f13b971,P_P1,AI2P_3C_DN,50,414,
test_clarinette_casque,P01,18,homme,non,,,non,oui,Sons,43380d06-154f-44f6-a800-5e6d3f13b971,P_P1,AC3P_1C_DN,50,414,
test_clarinette_casque,P01,18,homme,non,,,non,oui,Sons,43380d06-154f-44f6-a800-5e6d3f13b971,P_P1,AA7P_1C_DN,50,414,
test_clarinette_casque,P01,18,homme,non,,,non,oui,Sons,43380d06-154f-44f6-a800-5e6d3f13b971,P_P3,AR1P_1C_DN,50,707,
test_clarinette_casque,P01,18,homme,non,,,non,oui,Sons,43380d06-154f-44f6-a800-5e6d3f13b971,P_P3,AA7P_1C_DN,50,707,
test_clarinette_casque,P01,18,homme,non,,,non,oui,Sons,43380d06-154f-44f6-a800-5e6d3f13b971,P_P3,reference,50,707,
test_clarinette_casque,P01,18,homme,non,,,non,oui,Sons,43380d06-154f-44f6-a800-5e6d3f13b971,P_P3,AI2P_3C_DN,50,707,
test_clarinette_casque,P01,18,homme,non,,,non,oui,Sons,43380d06-154f-44f6-a800-5e6d3f13b971,G_P1,AC3G_5C_DN,50,733,
test_clarinette_casque,P01,18,homme,non,,,non,oui,Sons,43380d06-154f-44f6-a800-5e6d3f13b971,G_P1,AC3G_4C_DN,50,733,
test_clarinette_casque,P01,18,homme,non,,,non,oui,Sons,43380d06-154f-44f6-a800-5e6d3f13b971,G_P1,AA7G_1C_DN,50,733,
test_clarinette_casque,P01,18,homme,non,,,non,oui,Sons,43380d06-154f-44f6-a800-5e6d3f13b971,G_P1,AC3G_2C_DN,50,733,
test_clarinette_casque,P01,18,homme,non,,,non,oui,Sons,43380d06-154f-44f6-a800-5e6d3f13b971,G_P1,AC3G_3C_DN,50,733,
test_clarinette_casque,P01,18,homme,non,,,non,oui,Sons,43380d06-154f-44f6-a800-5e6d3f13b971,G_P1,reference,50,733,
test_clarinette_casque,P01,18,homme,non,,,non,oui,Sons,43380d06-154f-44f6-a800-5e6d3f13b971,S_P1,reference,50,627,
test_clarinette_casque,P01,18,homme,non,,,non,oui,Sons,43380d06-154f-44f6-a800-5e6d3f13b971,S_P1,AI2S_3C_DN,50,627,
test_clarinette_casque,P01,18,homme,non,,,non,oui,Sons,43380d06-154f-44f6-a800-5e6d3f13b971,S_P1,AC3S_1C_DN,50,627,
test_clarinette_casque,P01,18,homme,non,,,non,oui,Sons,43380d06-154f-44f6-a800-5e6d3f13b971,S_P1,AA7S_1C_DN,50,627,
test_clarinette_casque,P01,18,homme,non,,,non,oui,Sons,43380d06-154f-44f6-a800-5e6d3f13b971,S_P3,AA7S_1C_DN,50,552,
test_clarinette_casque,P01,18,homme,non,,,non,oui,Sons,43380d06-154f-44f6-a800-5e6d3f13b971,S_P3,AI2S_3C_DN,50,552,
test_clarinette_casque,P01,18,homme,non,,,non,oui,Sons,43380d06-154f-44f6-a800-5e6d3f13b971,S_P3,AR1S_1C_DN,50,552,
test_clarinette_casque,P01,18,homme,non,,,non,oui,Sons,43380d06-154f-44f6-a800-5e6d3f13b971,S_P3,reference,50,552,
test_clarinette_casque,P01,18,homme,non,,,non,oui,Sons,43380d06-154f-44f6-a800-5e6d3f13b971,S_P2,AC3S_1C_DN,50,678,
test_clarinette_casque,P01,18,homme,non,,,non,oui,Sons,43380d06-154f-44f6-a800-5e6d3f13b971,S_P2,AR1S_1C_DN,50,678,
test_clarinette_casque,P01,18,homme,non,,,non,oui,Sons,43380d06-154f-44f6-a800-5e6d3f13b971,S_P2,AA7S_1C_DN,50,678,
test_clarinette_casque,P01,18,homme,non,,,non,oui,Sons,43380d06-154f-44f6-a800-5e6d3f13b971,S_P2,reference,50,678,
test_clarinette_casque,Marius,22,homme,oui,15,7,non,non,"Les différences",a5e986ff-5f7d-4348-aae4-11d6a4ef329e,Entrainement,AEN_3,50,5475,
test_clarinette_casque,Marius,22,homme,oui,15,7,non,non,"Les différences",a5e986ff-5f7d-4348-aae4-11d6a4ef329e,Entrainement,AEN_2,50,5475,
test_clarinette_casque,Marius,22,homme,oui,15,7,non,non,"Les différences",a5e986ff-5f7d-4348-aae4-11d6a4ef329e,Entrainement,AEN_5,50,5475,
test_clarinette_casque,Marius,22,homme,oui,15,7,non,non,"Les différences",a5e986ff-5f7d-4348-aae4-11d6a4ef329e,Entrainement,AEN_4,50,5475,
test_clarinette_casque,Marius,22,homme,oui,15,7,non,non,"Les différences",a5e986ff-5f7d-4348-aae4-11d6a4ef329e,Entrainement,reference,50,5475,
test_clarinette_casque,Marius,22,homme,oui,15,7,non,non,"Les différences",a5e986ff-5f7d-4348-aae4-11d6a4ef329e,P_P2,AA7P_1C_DN,0,108542,
test_clarinette_casque,Marius,22,homme,oui,15,7,non,non,"Les différences",a5e986ff-5f7d-4348-aae4-11d6a4ef329e,P_P2,AR1P_1C_DN,69,108542,
test_clarinette_casque,Marius,22,homme,oui,15,7,non,non,"Les différences",a5e986ff-5f7d-4348-aae4-11d6a4ef329e,P_P2,AC3P_1C_DN,86,108542,
test_clarinette_casque,Marius,22,homme,oui,15,7,non,non,"Les différences",a5e986ff-5f7d-4348-aae4-11d6a4ef329e,P_P2,reference,100,108542,
test_clarinette_casque,Marius,22,homme,oui,15,7,non,non,"Les différences",a5e986ff-5f7d-4348-aae4-11d6a4ef329e,P_P3,AR1P_1C_DN,61,68804,
test_clarinette_casque,Marius,22,homme,oui,15,7,non,non,"Les différences",a5e986ff-5f7d-4348-aae4-11d6a4ef329e,P_P3,AI2P_3C_DN,100,68804,
test_clarinette_casque,Marius,22,homme,oui,15,7,non,non,"Les différences",a5e986ff-5f7d-4348-aae4-11d6a4ef329e,P_P3,reference,86,68804,
test_clarinette_casque,Marius,22,homme,oui,15,7,non,non,"Les différences",a5e986ff-5f7d-4348-aae4-11d6a4ef329e,P_P3,AA7P_1C_DN,0,68804,
test_clarinette_casque,Marius,22,homme,oui,15,7,non,non,"Les différences",a5e986ff-5f7d-4348-aae4-11d6a4ef329e,P_P1,reference,100,33164,
test_clarinette_casque,Marius,22,homme,oui,15,7,non,non,"Les différences",a5e986ff-5f7d-4348-aae4-11d6a4ef329e,P_P1,AI2P_3C_DN,41,33164,
test_clarinette_casque,Marius,22,homme,oui,15,7,non,non,"Les différences",a5e986ff-5f7d-4348-aae4-11d6a4ef329e,P_P1,AC3P_1C_DN,72,33164,
test_clarinette_casque,Marius,22,homme,oui,15,7,non,non,"Les différences",a5e986ff-5f7d-4348-aae4-11d6a4ef329e,P_P1,AA7P_1C_DN,0,33164,
test_clarinette_casque,Marius,22,homme,oui,15,7,non,non,"Les différences",a5e986ff-5f7d-4348-aae4-11d6a4ef329e,G_P1,AC3G_2C_DN,90,88024,
test_clarinette_casque,Marius,22,homme,oui,15,7,non,non,"Les différences",a5e986ff-5f7d-4348-aae4-11d6a4ef329e,G_P1,reference,89,88024,
test_clarinette_casque,Marius,22,homme,oui,15,7,non,non,"Les différences",a5e986ff-5f7d-4348-aae4-11d6a4ef329e,G_P1,AC3G_3C_DN,90,88024,
test_clarinette_casque,Marius,22,homme,oui,15,7,non,non,"Les différences",a5e986ff-5f7d-4348-aae4-11d6a4ef329e,G_P1,AC3G_4C_DN,100,88024,
test_clarinette_casque,Marius,22,homme,oui,15,7,non,non,"Les différences",a5e986ff-5f7d-4348-aae4-11d6a4ef329e,G_P1,AC3G_5C_DN,89,88024,
test_clarinette_casque,Marius,22,homme,oui,15,7,non,non,"Les différences",a5e986ff-5f7d-4348-aae4-11d6a4ef329e,G_P1,AA7G_1C_DN,0,88024,
test_clarinette_casque,Marius,22,homme,oui,15,7,non,non,"Les différences",a5e986ff-5f7d-4348-aae4-11d6a4ef329e,S_P1,reference,100,199757,
test_clarinette_casque,Marius,22,homme,oui,15,7,non,non,"Les différences",a5e986ff-5f7d-4348-aae4-11d6a4ef329e,S_P1,AA7S_1C_DN,0,199757,
test_clarinette_casque,Marius,22,homme,oui,15,7,non,non,"Les différences",a5e986ff-5f7d-4348-aae4-11d6a4ef329e,S_P1,AI2S_3C_DN,75,199757,
test_clarinette_casque,Marius,22,homme,oui,15,7,non,non,"Les différences",a5e986ff-5f7d-4348-aae4-11d6a4ef329e,S_P1,AC3S_1C_DN,84,199757,
test_clarinette_casque,Marius,22,homme,oui,15,7,non,non,"Les différences",a5e986ff-5f7d-4348-aae4-11d6a4ef329e,S_P2,reference,100,90886,
test_clarinette_casque,Marius,22,homme,oui,15,7,non,non,"Les différences",a5e986ff-5f7d-4348-aae4-11d6a4ef329e,S_P2,AC3S_1C_DN,83,90886,
test_clarinette_casque,Marius,22,homme,oui,15,7,non,non,"Les différences",a5e986ff-5f7d-4348-aae4-11d6a4ef329e,S_P2,AR1S_1C_DN,61,90886,
test_clarinette_casque,Marius,22,homme,oui,15,7,non,non,"Les différences",a5e986ff-5f7d-4348-aae4-11d6a4ef329e,S_P2,AA7S_1C_DN,0,90886,
test_clarinette_casque,Marius,22,homme,oui,15,7,non,non,"Les différences",a5e986ff-5f7d-4348-aae4-11d6a4ef329e,S_P3,AA7S_1C_DN,0,51438,
test_clarinette_casque,Marius,22,homme,oui,15,7,non,non,"Les différences",a5e986ff-5f7d-4348-aae4-11d6a4ef329e,S_P3,reference,99,51438,
test_clarinette_casque,Marius,22,homme,oui,15,7,non,non,"Les différences",a5e986ff-5f7d-4348-aae4-11d6a4ef329e,S_P3,AR1S_1C_DN,81,51438,
test_clarinette_casque,Marius,22,homme,oui,15,7,non,non,"Les différences",a5e986ff-5f7d-4348-aae4-11d6a4ef329e,S_P3,AI2S_3C_DN,89,51438,
test_clarinette_casque,P18,23,femme,oui,"10 ans","13 ans",non,non,"Sur la différence de qualité sonore. Certains sons me semblaient moins agréables à écouter en comparaison au son de référence.",b7e4fbc6-5ed4-469a-86ba-34628c81f83e,Entrainement,reference,76,162216,
test_clarinette_casque,P18,23,femme,oui,"10 ans","13 ans",non,non,"Sur la différence de qualité sonore. Certains sons me semblaient moins agréables à écouter en comparaison au son de référence.",b7e4fbc6-5ed4-469a-86ba-34628c81f83e,Entrainement,AEN_2,36,162216,
test_clarinette_casque,P18,23,femme,oui,"10 ans","13 ans",non,non,"Sur la différence de qualité sonore. Certains sons me semblaient moins agréables à écouter en comparaison au son de référence.",b7e4fbc6-5ed4-469a-86ba-34628c81f83e,Entrainement,AEN_4,22,162216,
test_clarinette_casque,P18,23,femme,oui,"10 ans","13 ans",non,non,"Sur la différence de qualité sonore. Certains sons me semblaient moins agréables à écouter en comparaison au son de référence.",b7e4fbc6-5ed4-469a-86ba-34628c81f83e,Entrainement,AEN_3,35,162216,
test_clarinette_casque,P18,23,femme,oui,"10 ans","13 ans",non,non,"Sur la différence de qualité sonore. Certains sons me semblaient moins agréables à écouter en comparaison au son de référence.",b7e4fbc6-5ed4-469a-86ba-34628c81f83e,Entrainement,AEN_5,0,162216,
test_clarinette_casque,P18,23,femme,oui,"10 ans","13 ans",non,non,"Sur la différence de qualité sonore. Certains sons me semblaient moins agréables à écouter en comparaison au son de référence.",b7e4fbc6-5ed4-469a-86ba-34628c81f83e,P_P2,reference,99,84564,
test_clarinette_casque,P18,23,femme,oui,"10 ans","13 ans",non,non,"Sur la différence de qualité sonore. Certains sons me semblaient moins agréables à écouter en comparaison au son de référence.",b7e4fbc6-5ed4-469a-86ba-34628c81f83e,P_P2,AC3P_1C_DN,85,84564,
test_clarinette_casque,P18,23,femme,oui,"10 ans","13 ans",non,non,"Sur la différence de qualité sonore. Certains sons me semblaient moins agréables à écouter en comparaison au son de référence.",b7e4fbc6-5ed4-469a-86ba-34628c81f83e,P_P2,AA7P_1C_DN,11,84564,
test_clarinette_casque,P18,23,femme,oui,"10 ans","13 ans",non,non,"Sur la différence de qualité sonore. Certains sons me semblaient moins agréables à écouter en comparaison au son de référence.",b7e4fbc6-5ed4-469a-86ba-34628c81f83e,P_P2,AR1P_1C_DN,55,84564,
test_clarinette_casque,P18,23,femme,oui,"10 ans","13 ans",non,non,"Sur la différence de qualité sonore. Certains sons me semblaient moins agréables à écouter en comparaison au son de référence.",b7e4fbc6-5ed4-469a-86ba-34628c81f83e,P_P3,AR1P_1C_DN,89,84635,
test_clarinette_casque,P18,23,femme,oui,"10 ans","13 ans",non,non,"Sur la différence de qualité sonore. Certains sons me semblaient moins agréables à écouter en comparaison au son de référence.",b7e4fbc6-5ed4-469a-86ba-34628c81f83e,P_P3,reference,86,84635,
test_clarinette_casque,P18,23,femme,oui,"10 ans","13 ans",non,non,"Sur la différence de qualité sonore. Certains sons me semblaient moins agréables à écouter en comparaison au son de référence.",b7e4fbc6-5ed4-469a-86ba-34628c81f83e,P_P3,AI2P_3C_DN,86,84635,
test_clarinette_casque,P18,23,femme,oui,"10 ans","13 ans",non,non,"Sur la différence de qualité sonore. Certains sons me semblaient moins agréables à écouter en comparaison au son de référence.",b7e4fbc6-5ed4-469a-86ba-34628c81f83e,P_P3,AA7P_1C_DN,1,84635,
test_clarinette_casque,P18,23,femme,oui,"10 ans","13 ans",non,non,"Sur la différence de qualité sonore. Certains sons me semblaient moins agréables à écouter en comparaison au son de référence.",b7e4fbc6-5ed4-469a-86ba-34628c81f83e,P_P1,AC3P_1C_DN,44,59246,
test_clarinette_casque,P18,23,femme,oui,"10 ans","13 ans",non,non,"Sur la différence de qualité sonore. Certains sons me semblaient moins agréables à écouter en comparaison au son de référence.",b7e4fbc6-5ed4-469a-86ba-34628c81f83e,P_P1,AI2P_3C_DN,43,59246,
test_clarinette_casque,P18,23,femme,oui,"10 ans","13 ans",non,non,"Sur la différence de qualité sonore. Certains sons me semblaient moins agréables à écouter en comparaison au son de référence.",b7e4fbc6-5ed4-469a-86ba-34628c81f83e,P_P1,AA7P_1C_DN,0,59246,
test_clarinette_casque,P18,23,femme,oui,"10 ans","13 ans",non,non,"Sur la différence de qualité sonore. Certains sons me semblaient moins agréables à écouter en comparaison au son de référence.",b7e4fbc6-5ed4-469a-86ba-34628c81f83e,P_P1,reference,88,59246,
test_clarinette_casque,P18,23,femme,oui,"10 ans","13 ans",non,non,"Sur la différence de qualité sonore. Certains sons me semblaient moins agréables à écouter en comparaison au son de référence.",b7e4fbc6-5ed4-469a-86ba-34628c81f83e,G_P1,AC3G_4C_DN,88,72871,
test_clarinette_casque,P18,23,femme,oui,"10 ans","13 ans",non,non,"Sur la différence de qualité sonore. Certains sons me semblaient moins agréables à écouter en comparaison au son de référence.",b7e4fbc6-5ed4-469a-86ba-34628c81f83e,G_P1,AC3G_2C_DN,86,72871,
test_clarinette_casque,P18,23,femme,oui,"10 ans","13 ans",non,non,"Sur la différence de qualité sonore. Certains sons me semblaient moins agréables à écouter en comparaison au son de référence.",b7e4fbc6-5ed4-469a-86ba-34628c81f83e,G_P1,AC3G_5C_DN,87,72871,
test_clarinette_casque,P18,23,femme,oui,"10 ans","13 ans",non,non,"Sur la différence de qualité sonore. Certains sons me semblaient moins agréables à écouter en comparaison au son de référence.",b7e4fbc6-5ed4-469a-86ba-34628c81f83e,G_P1,AA7G_1C_DN,0,72871,
test_clarinette_casque,P18,23,femme,oui,"10 ans","13 ans",non,non,"Sur la différence de qualité sonore. Certains sons me semblaient moins agréables à écouter en comparaison au son de référence.",b7e4fbc6-5ed4-469a-86ba-34628c81f83e,G_P1,reference,87,72871,
test_clarinette_casque,P18,23,femme,oui,"10 ans","13 ans",non,non,"Sur la différence de qualité sonore. Certains sons me semblaient moins agréables à écouter en comparaison au son de référence.",b7e4fbc6-5ed4-469a-86ba-34628c81f83e,G_P1,AC3G_3C_DN,88,72871,
test_clarinette_casque,P18,23,femme,oui,"10 ans","13 ans",non,non,"Sur la différence de qualité sonore. Certains sons me semblaient moins agréables à écouter en comparaison au son de référence.",b7e4fbc6-5ed4-469a-86ba-34628c81f83e,S_P1,AI2S_3C_DN,85,67847,
test_clarinette_casque,P18,23,femme,oui,"10 ans","13 ans",non,non,"Sur la différence de qualité sonore. Certains sons me semblaient moins agréables à écouter en comparaison au son de référence.",b7e4fbc6-5ed4-469a-86ba-34628c81f83e,S_P1,reference,85,67847,
test_clarinette_casque,P18,23,femme,oui,"10 ans","13 ans",non,non,"Sur la différence de qualité sonore. Certains sons me semblaient moins agréables à écouter en comparaison au son de référence.",b7e4fbc6-5ed4-469a-86ba-34628c81f83e,S_P1,AC3S_1C_DN,85,67847,
test_clarinette_casque,P18,23,femme,oui,"10 ans","13 ans",non,non,"Sur la différence de qualité sonore. Certains sons me semblaient moins agréables à écouter en comparaison au son de référence.",b7e4fbc6-5ed4-469a-86ba-34628c81f83e,S_P1,AA7S_1C_DN,0,67847,
test_clarinette_casque,P18,23,femme,oui,"10 ans","13 ans",non,non,"Sur la différence de qualité sonore. Certains sons me semblaient moins agréables à écouter en comparaison au son de référence.",b7e4fbc6-5ed4-469a-86ba-34628c81f83e,S_P2,AC3S_1C_DN,100,86142,
test_clarinette_casque,P18,23,femme,oui,"10 ans","13 ans",non,non,"Sur la différence de qualité sonore. Certains sons me semblaient moins agréables à écouter en comparaison au son de référence.",b7e4fbc6-5ed4-469a-86ba-34628c81f83e,S_P2,AR1S_1C_DN,72,86142,
test_clarinette_casque,P18,23,femme,oui,"10 ans","13 ans",non,non,"Sur la différence de qualité sonore. Certains sons me semblaient moins agréables à écouter en comparaison au son de référence.",b7e4fbc6-5ed4-469a-86ba-34628c81f83e,S_P2,reference,72,86142,
test_clarinette_casque,P18,23,femme,oui,"10 ans","13 ans",non,non,"Sur la différence de qualité sonore. Certains sons me semblaient moins agréables à écouter en comparaison au son de référence.",b7e4fbc6-5ed4-469a-86ba-34628c81f83e,S_P2,AA7S_1C_DN,0,86142,
test_clarinette_casque,P18,23,femme,oui,"10 ans","13 ans",non,non,"Sur la différence de qualité sonore. Certains sons me semblaient moins agréables à écouter en comparaison au son de référence.",b7e4fbc6-5ed4-469a-86ba-34628c81f83e,S_P3,AR1S_1C_DN,71,98291,
test_clarinette_casque,P18,23,femme,oui,"10 ans","13 ans",non,non,"Sur la différence de qualité sonore. Certains sons me semblaient moins agréables à écouter en comparaison au son de référence.",b7e4fbc6-5ed4-469a-86ba-34628c81f83e,S_P3,AI2S_3C_DN,67,98291,
test_clarinette_casque,P18,23,femme,oui,"10 ans","13 ans",non,non,"Sur la différence de qualité sonore. Certains sons me semblaient moins agréables à écouter en comparaison au son de référence.",b7e4fbc6-5ed4-469a-86ba-34628c81f83e,S_P3,AA7S_1C_DN,1,98291,
test_clarinette_casque,P18,23,femme,oui,"10 ans","13 ans",non,non,"Sur la différence de qualité sonore. Certains sons me semblaient moins agréables à écouter en comparaison au son de référence.",b7e4fbc6-5ed4-469a-86ba-34628c81f83e,S_P3,reference,100,98291,
test_clarinette_casque,fezfz,3,homme,oui,f,f,oui,oui,f,1db7e82d-142e-4f36-8525-b6c78e291a1d,Entrainement,AEN_3,72,20989,
test_clarinette_casque,fezfz,3,homme,oui,f,f,oui,oui,f,1db7e82d-142e-4f36-8525-b6c78e291a1d,Entrainement,AEN_5,10,20989,
test_clarinette_casque,fezfz,3,homme,oui,f,f,oui,oui,f,1db7e82d-142e-4f36-8525-b6c78e291a1d,Entrainement,reference,77,20989,
test_clarinette_casque,fezfz,3,homme,oui,f,f,oui,oui,f,1db7e82d-142e-4f36-8525-b6c78e291a1d,Entrainement,AEN_2,21,20989,
test_clarinette_casque,fezfz,3,homme,oui,f,f,oui,oui,f,1db7e82d-142e-4f36-8525-b6c78e291a1d,Entrainement,AEN_4,83,20989,
test_clarinette_casque,fezfz,3,homme,oui,f,f,oui,oui,f,1db7e82d-142e-4f36-8525-b6c78e291a1d,P_P2,AA7P_1C_DN,100,6272,
test_clarinette_casque,fezfz,3,homme,oui,f,f,oui,oui,f,1db7e82d-142e-4f36-8525-b6c78e291a1d,P_P2,AC3P_1C_DN,35,6272,
test_clarinette_casque,fezfz,3,homme,oui,f,f,oui,oui,f,1db7e82d-142e-4f36-8525-b6c78e291a1d,P_P2,AR1P_1C_DN,93,6272,
test_clarinette_casque,fezfz,3,homme,oui,f,f,oui,oui,f,1db7e82d-142e-4f36-8525-b6c78e291a1d,P_P2,reference,25,6272,
test_clarinette_casque,fezfz,3,homme,oui,f,f,oui,oui,f,1db7e82d-142e-4f36-8525-b6c78e291a1d,P_P3,AR1P_1C_DN,97,8177,
test_clarinette_casque,fezfz,3,homme,oui,f,f,oui,oui,f,1db7e82d-142e-4f36-8525-b6c78e291a1d,P_P3,AA7P_1C_DN,96,8177,
test_clarinette_casque,fezfz,3,homme,oui,f,f,oui,oui,f,1db7e82d-142e-4f36-8525-b6c78e291a1d,P_P3,reference,10,8177,
test_clarinette_casque,fezfz,3,homme,oui,f,f,oui,oui,f,1db7e82d-142e-4f36-8525-b6c78e291a1d,P_P3,AI2P_3C_DN,84,8177,
test_clarinette_casque,fezfz,3,homme,oui,f,f,oui,oui,f,1db7e82d-142e-4f36-8525-b6c78e291a1d,P_P1,AA7P_1C_DN,80,6036,
test_clarinette_casque,fezfz,3,homme,oui,f,f,oui,oui,f,1db7e82d-142e-4f36-8525-b6c78e291a1d,P_P1,reference,33,6036,
test_clarinette_casque,fezfz,3,homme,oui,f,f,oui,oui,f,1db7e82d-142e-4f36-8525-b6c78e291a1d,P_P1,AC3P_1C_DN,74,6036,
test_clarinette_casque,fezfz,3,homme,oui,f,f,oui,oui,f,1db7e82d-142e-4f36-8525-b6c78e291a1d,P_P1,AI2P_3C_DN,10,6036,
test_clarinette_casque,fezfz,3,homme,oui,f,f,oui,oui,f,1db7e82d-142e-4f36-8525-b6c78e291a1d,G_P1,AC3G_5C_DN,87,8637,
test_clarinette_casque,fezfz,3,homme,oui,f,f,oui,oui,f,1db7e82d-142e-4f36-8525-b6c78e291a1d,G_P1,AC3G_3C_DN,100,8637,
test_clarinette_casque,fezfz,3,homme,oui,f,f,oui,oui,f,1db7e82d-142e-4f36-8525-b6c78e291a1d,G_P1,AA7G_1C_DN,91,8637,
test_clarinette_casque,fezfz,3,homme,oui,f,f,oui,oui,f,1db7e82d-142e-4f36-8525-b6c78e291a1d,G_P1,AC3G_4C_DN,96,8637,
test_clarinette_casque,fezfz,3,homme,oui,f,f,oui,oui,f,1db7e82d-142e-4f36-8525-b6c78e291a1d,G_P1,AC3G_2C_DN,71,8637,
test_clarinette_casque,fezfz,3,homme,oui,f,f,oui,oui,f,1db7e82d-142e-4f36-8525-b6c78e291a1d,G_P1,reference,100,8637,
test_clarinette_casque,fezfz,3,homme,oui,f,f,oui,oui,f,1db7e82d-142e-4f36-8525-b6c78e291a1d,S_P1,AA7S_1C_DN,100,6563,
test_clarinette_casque,fezfz,3,homme,oui,f,f,oui,oui,f,1db7e82d-142e-4f36-8525-b6c78e291a1d,S_P1,reference,0,6563,
test_clarinette_casque,fezfz,3,homme,oui,f,f,oui,oui,f,1db7e82d-142e-4f36-8525-b6c78e291a1d,S_P1,AI2S_3C_DN,0,6563,
test_clarinette_casque,fezfz,3,homme,oui,f,f,oui,oui,f,1db7e82d-142e-4f36-8525-b6c78e291a1d,S_P1,AC3S_1C_DN,7,6563,
test_clarinette_casque,fezfz,3,homme,oui,f,f,oui,oui,f,1db7e82d-142e-4f36-8525-b6c78e291a1d,S_P3,AA7S_1C_DN,92,7395,
test_clarinette_casque,fezfz,3,homme,oui,f,f,oui,oui,f,1db7e82d-142e-4f36-8525-b6c78e291a1d,S_P3,reference,1,7395,
test_clarinette_casque,fezfz,3,homme,oui,f,f,oui,oui,f,1db7e82d-142e-4f36-8525-b6c78e291a1d,S_P3,AR1S_1C_DN,68,7395,
test_clarinette_casque,fezfz,3,homme,oui,f,f,oui,oui,f,1db7e82d-142e-4f36-8525-b6c78e291a1d,S_P3,AI2S_3C_DN,0,7395,
test_clarinette_casque,fezfz,3,homme,oui,f,f,oui,oui,f,1db7e82d-142e-4f36-8525-b6c78e291a1d,S_P2,reference,98,6922,
test_clarinette_casque,fezfz,3,homme,oui,f,f,oui,oui,f,1db7e82d-142e-4f36-8525-b6c78e291a1d,S_P2,AR1S_1C_DN,82,6922,
test_clarinette_casque,fezfz,3,homme,oui,f,f,oui,oui,f,1db7e82d-142e-4f36-8525-b6c78e291a1d,S_P2,AA7S_1C_DN,32,6922,
test_clarinette_casque,fezfz,3,homme,oui,f,f,oui,oui,f,1db7e82d-142e-4f36-8525-b6c78e291a1d,S_P2,AC3S_1C_DN,76,6922,
test_clarinette_casque,TV,fez,homme,oui,fez,fez,non,oui,fez,ad098e52-bb3a-424c-85b0-957dfb3d357a,Entrainement,AEN_5,50,2152,
test_clarinette_casque,TV,fez,homme,oui,fez,fez,non,oui,fez,ad098e52-bb3a-424c-85b0-957dfb3d357a,Entrainement,reference,50,2152,
test_clarinette_casque,TV,fez,homme,oui,fez,fez,non,oui,fez,ad098e52-bb3a-424c-85b0-957dfb3d357a,Entrainement,AEN_4,50,2152,
test_clarinette_casque,TV,fez,homme,oui,fez,fez,non,oui,fez,ad098e52-bb3a-424c-85b0-957dfb3d357a,Entrainement,AEN_3,50,2152,
test_clarinette_casque,TV,fez,homme,oui,fez,fez,non,oui,fez,ad098e52-bb3a-424c-85b0-957dfb3d357a,Entrainement,AEN_2,50,2152,
test_clarinette_casque,TV,fez,homme,oui,fez,fez,non,oui,fez,ad098e52-bb3a-424c-85b0-957dfb3d357a,P_P3,reference,50,1482,
test_clarinette_casque,TV,fez,homme,oui,fez,fez,non,oui,fez,ad098e52-bb3a-424c-85b0-957dfb3d357a,P_P3,AR1P_1C_DN,50,1482,
test_clarinette_casque,TV,fez,homme,oui,fez,fez,non,oui,fez,ad098e52-bb3a-424c-85b0-957dfb3d357a,P_P3,AI2P_3C_DN,50,1482,
test_clarinette_casque,TV,fez,homme,oui,fez,fez,non,oui,fez,ad098e52-bb3a-424c-85b0-957dfb3d357a,P_P3,AA7P_1C_DN,50,1482,
test_clarinette_casque,TV,fez,homme,oui,fez,fez,non,oui,fez,ad098e52-bb3a-424c-85b0-957dfb3d357a,P_P2,AA7P_1C_DN,50,926,
test_clarinette_casque,TV,fez,homme,oui,fez,fez,non,oui,fez,ad098e52-bb3a-424c-85b0-957dfb3d357a,P_P2,AR1P_1C_DN,50,926,
test_clarinette_casque,TV,fez,homme,oui,fez,fez,non,oui,fez,ad098e52-bb3a-424c-85b0-957dfb3d357a,P_P2,AC3P_1C_DN,50,926,
test_clarinette_casque,TV,fez,homme,oui,fez,fez,non,oui,fez,ad098e52-bb3a-424c-85b0-957dfb3d357a,P_P2,reference,50,926,
test_clarinette_casque,TV,fez,homme,oui,fez,fez,non,oui,fez,ad098e52-bb3a-424c-85b0-957dfb3d357a,P_P1,AI2P_3C_DN,50,1293,
test_clarinette_casque,TV,fez,homme,oui,fez,fez,non,oui,fez,ad098e52-bb3a-424c-85b0-957dfb3d357a,P_P1,reference,50,1293,
test_clarinette_casque,TV,fez,homme,oui,fez,fez,non,oui,fez,ad098e52-bb3a-424c-85b0-957dfb3d357a,P_P1,AC3P_1C_DN,50,1293,
test_clarinette_casque,TV,fez,homme,oui,fez,fez,non,oui,fez,ad098e52-bb3a-424c-85b0-957dfb3d357a,P_P1,AA7P_1C_DN,50,1293,
test_clarinette_casque,TV,fez,homme,oui,fez,fez,non,oui,fez,ad098e52-bb3a-424c-85b0-957dfb3d357a,G_P1,reference,50,2595,
test_clarinette_casque,TV,fez,homme,oui,fez,fez,non,oui,fez,ad098e52-bb3a-424c-85b0-957dfb3d357a,G_P1,AC3G_2C_DN,50,2595,
test_clarinette_casque,TV,fez,homme,oui,fez,fez,non,oui,fez,ad098e52-bb3a-424c-85b0-957dfb3d357a,G_P1,AC3G_5C_DN,50,2595,
test_clarinette_casque,TV,fez,homme,oui,fez,fez,non,oui,fez,ad098e52-bb3a-424c-85b0-957dfb3d357a,G_P1,AC3G_3C_DN,50,2595,
test_clarinette_casque,TV,fez,homme,oui,fez,fez,non,oui,fez,ad098e52-bb3a-424c-85b0-957dfb3d357a,G_P1,AC3G_4C_DN,50,2595,
test_clarinette_casque,TV,fez,homme,oui,fez,fez,non,oui,fez,ad098e52-bb3a-424c-85b0-957dfb3d357a,G_P1,AA7G_1C_DN,50,2595,
test_clarinette_casque,TV,fez,homme,oui,fez,fez,non,oui,fez,ad098e52-bb3a-424c-85b0-957dfb3d357a,S_P2,AC3S_1C_DN,50,730,
test_clarinette_casque,TV,fez,homme,oui,fez,fez,non,oui,fez,ad098e52-bb3a-424c-85b0-957dfb3d357a,S_P2,AA7S_1C_DN,50,730,
test_clarinette_casque,TV,fez,homme,oui,fez,fez,non,oui,fez,ad098e52-bb3a-424c-85b0-957dfb3d357a,S_P2,AR1S_1C_DN,50,730,
test_clarinette_casque,TV,fez,homme,oui,fez,fez,non,oui,fez,ad098e52-bb3a-424c-85b0-957dfb3d357a,S_P2,reference,50,730,
test_clarinette_casque,TV,fez,homme,oui,fez,fez,non,oui,fez,ad098e52-bb3a-424c-85b0-957dfb3d357a,S_P1,AI2S_3C_DN,50,914,
test_clarinette_casque,TV,fez,homme,oui,fez,fez,non,oui,fez,ad098e52-bb3a-424c-85b0-957dfb3d357a,S_P1,AC3S_1C_DN,50,914,
test_clarinette_casque,TV,fez,homme,oui,fez,fez,non,oui,fez,ad098e52-bb3a-424c-85b0-957dfb3d357a,S_P1,AA7S_1C_DN,50,914,
test_clarinette_casque,TV,fez,homme,oui,fez,fez,non,oui,fez,ad098e52-bb3a-424c-85b0-957dfb3d357a,S_P1,reference,50,914,
test_clarinette_casque,TV,fez,homme,oui,fez,fez,non,oui,fez,ad098e52-bb3a-424c-85b0-957dfb3d357a,S_P3,AI2S_3C_DN,50,739,
test_clarinette_casque,TV,fez,homme,oui,fez,fez,non,oui,fez,ad098e52-bb3a-424c-85b0-957dfb3d357a,S_P3,AA7S_1C_DN,50,739,
test_clarinette_casque,TV,fez,homme,oui,fez,fez,non,oui,fez,ad098e52-bb3a-424c-85b0-957dfb3d357a,S_P3,reference,50,739,
test_clarinette_casque,TV,fez,homme,oui,fez,fez,non,oui,fez,ad098e52-bb3a-424c-85b0-957dfb3d357a,S_P3,AR1S_1C_DN,50,739,
test_clarinette_casque,"caca boudin",ds,femme,oui,sdf,sdf,oui,oui,fsd,1927adbc-dd2b-4df4-8ddd-6b734498a716,Entrainement,AEN_5,50,190134,
test_clarinette_casque,"caca boudin",ds,femme,oui,sdf,sdf,oui,oui,fsd,1927adbc-dd2b-4df4-8ddd-6b734498a716,Entrainement,AEN_3,50,190134,
test_clarinette_casque,"caca boudin",ds,femme,oui,sdf,sdf,oui,oui,fsd,1927adbc-dd2b-4df4-8ddd-6b734498a716,Entrainement,AEN_4,50,190134,
test_clarinette_casque,"caca boudin",ds,femme,oui,sdf,sdf,oui,oui,fsd,1927adbc-dd2b-4df4-8ddd-6b734498a716,Entrainement,reference,50,190134,
test_clarinette_casque,"caca boudin",ds,femme,oui,sdf,sdf,oui,oui,fsd,1927adbc-dd2b-4df4-8ddd-6b734498a716,Entrainement,AEN_2,50,190134,
test_clarinette_casque,"caca boudin",ds,femme,oui,sdf,sdf,oui,oui,fsd,1927adbc-dd2b-4df4-8ddd-6b734498a716,P_P2,AC3P_1C_DN,50,70040,
test_clarinette_casque,"caca boudin",ds,femme,oui,sdf,sdf,oui,oui,fsd,1927adbc-dd2b-4df4-8ddd-6b734498a716,P_P2,AR1P_1C_DN,50,70040,
test_clarinette_casque,"caca boudin",ds,femme,oui,sdf,sdf,oui,oui,fsd,1927adbc-dd2b-4df4-8ddd-6b734498a716,P_P2,AA7P_1C_DN,50,70040,
test_clarinette_casque,"caca boudin",ds,femme,oui,sdf,sdf,oui,oui,fsd,1927adbc-dd2b-4df4-8ddd-6b734498a716,P_P2,reference,50,70040,
test_clarinette_casque,"caca boudin",ds,femme,oui,sdf,sdf,oui,oui,fsd,1927adbc-dd2b-4df4-8ddd-6b734498a716,P_P1,AI2P_3C_DN,50,147,
test_clarinette_casque,"caca boudin",ds,femme,oui,sdf,sdf,oui,oui,fsd,1927adbc-dd2b-4df4-8ddd-6b734498a716,P_P1,AC3P_1C_DN,50,147,
test_clarinette_casque,"caca boudin",ds,femme,oui,sdf,sdf,oui,oui,fsd,1927adbc-dd2b-4df4-8ddd-6b734498a716,P_P1,reference,50,147,
test_clarinette_casque,"caca boudin",ds,femme,oui,sdf,sdf,oui,oui,fsd,1927adbc-dd2b-4df4-8ddd-6b734498a716,P_P1,AA7P_1C_DN,50,147,
test_clarinette_casque,"caca boudin",ds,femme,oui,sdf,sdf,oui,oui,fsd,1927adbc-dd2b-4df4-8ddd-6b734498a716,P_P3,reference,50,129,
test_clarinette_casque,"caca boudin",ds,femme,oui,sdf,sdf,oui,oui,fsd,1927adbc-dd2b-4df4-8ddd-6b734498a716,P_P3,AI2P_3C_DN,50,129,
test_clarinette_casque,"caca boudin",ds,femme,oui,sdf,sdf,oui,oui,fsd,1927adbc-dd2b-4df4-8ddd-6b734498a716,P_P3,AA7P_1C_DN,50,129,
test_clarinette_casque,"caca boudin",ds,femme,oui,sdf,sdf,oui,oui,fsd,1927adbc-dd2b-4df4-8ddd-6b734498a716,P_P3,AR1P_1C_DN,50,129,
test_clarinette_casque,"caca boudin",ds,femme,oui,sdf,sdf,oui,oui,fsd,1927adbc-dd2b-4df4-8ddd-6b734498a716,G_P1,AC3G_2C_DN,50,288,
test_clarinette_casque,"caca boudin",ds,femme,oui,sdf,sdf,oui,oui,fsd,1927adbc-dd2b-4df4-8ddd-6b734498a716,G_P1,AA7G_1C_DN,50,288,
test_clarinette_casque,"caca boudin",ds,femme,oui,sdf,sdf,oui,oui,fsd,1927adbc-dd2b-4df4-8ddd-6b734498a716,G_P1,AC3G_5C_DN,50,288,
test_clarinette_casque,"caca boudin",ds,femme,oui,sdf,sdf,oui,oui,fsd,1927adbc-dd2b-4df4-8ddd-6b734498a716,G_P1,reference,50,288,
test_clarinette_casque,"caca boudin",ds,femme,oui,sdf,sdf,oui,oui,fsd,1927adbc-dd2b-4df4-8ddd-6b734498a716,G_P1,AC3G_3C_DN,50,288,
test_clarinette_casque,"caca boudin",ds,femme,oui,sdf,sdf,oui,oui,fsd,1927adbc-dd2b-4df4-8ddd-6b734498a716,G_P1,AC3G_4C_DN,50,288,
test_clarinette_casque,"caca boudin",ds,femme,oui,sdf,sdf,oui,oui,fsd,1927adbc-dd2b-4df4-8ddd-6b734498a716,S_P2,AA7S_1C_DN,50,121,
test_clarinette_casque,"caca boudin",ds,femme,oui,sdf,sdf,oui,oui,fsd,1927adbc-dd2b-4df4-8ddd-6b734498a716,S_P2,AC3S_1C_DN,50,121,
test_clarinette_casque,"caca boudin",ds,femme,oui,sdf,sdf,oui,oui,fsd,1927adbc-dd2b-4df4-8ddd-6b734498a716,S_P2,reference,50,121,
test_clarinette_casque,"caca boudin",ds,femme,oui,sdf,sdf,oui,oui,fsd,1927adbc-dd2b-4df4-8ddd-6b734498a716,S_P2,AR1S_1C_DN,50,121,
test_clarinette_casque,"caca boudin",ds,femme,oui,sdf,sdf,oui,oui,fsd,1927adbc-dd2b-4df4-8ddd-6b734498a716,S_P3,AA7S_1C_DN,50,135,
test_clarinette_casque,"caca boudin",ds,femme,oui,sdf,sdf,oui,oui,fsd,1927adbc-dd2b-4df4-8ddd-6b734498a716,S_P3,AR1S_1C_DN,50,135,
test_clarinette_casque,"caca boudin",ds,femme,oui,sdf,sdf,oui,oui,fsd,1927adbc-dd2b-4df4-8ddd-6b734498a716,S_P3,AI2S_3C_DN,50,135,
test_clarinette_casque,"caca boudin",ds,femme,oui,sdf,sdf,oui,oui,fsd,1927adbc-dd2b-4df4-8ddd-6b734498a716,S_P3,reference,50,135,
test_clarinette_casque,"caca boudin",ds,femme,oui,sdf,sdf,oui,oui,fsd,1927adbc-dd2b-4df4-8ddd-6b734498a716,S_P1,AA7S_1C_DN,50,172,
test_clarinette_casque,"caca boudin",ds,femme,oui,sdf,sdf,oui,oui,fsd,1927adbc-dd2b-4df4-8ddd-6b734498a716,S_P1,AC3S_1C_DN,50,172,
test_clarinette_casque,"caca boudin",ds,femme,oui,sdf,sdf,oui,oui,fsd,1927adbc-dd2b-4df4-8ddd-6b734498a716,S_P1,AI2S_3C_DN,50,172,
test_clarinette_casque,"caca boudin",ds,femme,oui,sdf,sdf,oui,oui,fsd,1927adbc-dd2b-4df4-8ddd-6b734498a716,S_P1,reference,50,172,
test_clarinette_casque,lino,23,homme,oui,13,6,non,non,"le son",157ae033-0b3b-4b8d-b6b2-af88826c7443,Entrainement,AEN_4,23,55442,
test_clarinette_casque,lino,23,homme,oui,13,6,non,non,"le son",157ae033-0b3b-4b8d-b6b2-af88826c7443,Entrainement,AEN_3,53,55442,
test_clarinette_casque,lino,23,homme,oui,13,6,non,non,"le son",157ae033-0b3b-4b8d-b6b2-af88826c7443,Entrainement,AEN_2,55,55442,
test_clarinette_casque,lino,23,homme,oui,13,6,non,non,"le son",157ae033-0b3b-4b8d-b6b2-af88826c7443,Entrainement,reference,97,55442,
test_clarinette_casque,lino,23,homme,oui,13,6,non,non,"le son",157ae033-0b3b-4b8d-b6b2-af88826c7443,Entrainement,AEN_5,1,55442,
test_clarinette_casque,lino,23,homme,oui,13,6,non,non,"le son",157ae033-0b3b-4b8d-b6b2-af88826c7443,P_P2,reference,100,74171,
test_clarinette_casque,lino,23,homme,oui,13,6,non,non,"le son",157ae033-0b3b-4b8d-b6b2-af88826c7443,P_P2,AR1P_1C_DN,38,74171,
test_clarinette_casque,lino,23,homme,oui,13,6,non,non,"le son",157ae033-0b3b-4b8d-b6b2-af88826c7443,P_P2,AC3P_1C_DN,63,74171,
test_clarinette_casque,lino,23,homme,oui,13,6,non,non,"le son",157ae033-0b3b-4b8d-b6b2-af88826c7443,P_P2,AA7P_1C_DN,0,74171,
test_clarinette_casque,lino,23,homme,oui,13,6,non,non,"le son",157ae033-0b3b-4b8d-b6b2-af88826c7443,P_P1,AA7P_1C_DN,2,68209,
test_clarinette_casque,lino,23,homme,oui,13,6,non,non,"le son",157ae033-0b3b-4b8d-b6b2-af88826c7443,P_P1,AC3P_1C_DN,61,68209,
test_clarinette_casque,lino,23,homme,oui,13,6,non,non,"le son",157ae033-0b3b-4b8d-b6b2-af88826c7443,P_P1,AI2P_3C_DN,37,68209,
test_clarinette_casque,lino,23,homme,oui,13,6,non,non,"le son",157ae033-0b3b-4b8d-b6b2-af88826c7443,P_P1,reference,95,68209,
test_clarinette_casque,lino,23,homme,oui,13,6,non,non,"le son",157ae033-0b3b-4b8d-b6b2-af88826c7443,P_P3,reference,87,29136,
test_clarinette_casque,lino,23,homme,oui,13,6,non,non,"le son",157ae033-0b3b-4b8d-b6b2-af88826c7443,P_P3,AI2P_3C_DN,59,29136,
test_clarinette_casque,lino,23,homme,oui,13,6,non,non,"le son",157ae033-0b3b-4b8d-b6b2-af88826c7443,P_P3,AR1P_1C_DN,33,29136,
test_clarinette_casque,lino,23,homme,oui,13,6,non,non,"le son",157ae033-0b3b-4b8d-b6b2-af88826c7443,P_P3,AA7P_1C_DN,0,29136,
test_clarinette_casque,lino,23,homme,oui,13,6,non,non,"le son",157ae033-0b3b-4b8d-b6b2-af88826c7443,G_P1,AC3G_3C_DN,69,49397,
test_clarinette_casque,lino,23,homme,oui,13,6,non,non,"le son",157ae033-0b3b-4b8d-b6b2-af88826c7443,G_P1,reference,100,49397,
test_clarinette_casque,lino,23,homme,oui,13,6,non,non,"le son",157ae033-0b3b-4b8d-b6b2-af88826c7443,G_P1,AC3G_4C_DN,66,49397,
test_clarinette_casque,lino,23,homme,oui,13,6,non,non,"le son",157ae033-0b3b-4b8d-b6b2-af88826c7443,G_P1,AC3G_2C_DN,52,49397,
test_clarinette_casque,lino,23,homme,oui,13,6,non,non,"le son",157ae033-0b3b-4b8d-b6b2-af88826c7443,G_P1,AC3G_5C_DN,35,49397,
test_clarinette_casque,lino,23,homme,oui,13,6,non,non,"le son",157ae033-0b3b-4b8d-b6b2-af88826c7443,G_P1,AA7G_1C_DN,5,49397,
test_clarinette_casque,lino,23,homme,oui,13,6,non,non,"le son",157ae033-0b3b-4b8d-b6b2-af88826c7443,S_P2,AR1S_1C_DN,37,30629,
test_clarinette_casque,lino,23,homme,oui,13,6,non,non,"le son",157ae033-0b3b-4b8d-b6b2-af88826c7443,S_P2,AC3S_1C_DN,61,30629,
test_clarinette_casque,lino,23,homme,oui,13,6,non,non,"le son",157ae033-0b3b-4b8d-b6b2-af88826c7443,S_P2,AA7S_1C_DN,3,30629,
test_clarinette_casque,lino,23,homme,oui,13,6,non,non,"le son",157ae033-0b3b-4b8d-b6b2-af88826c7443,S_P2,reference,100,30629,
test_clarinette_casque,lino,23,homme,oui,13,6,non,non,"le son",157ae033-0b3b-4b8d-b6b2-af88826c7443,S_P3,AA7S_1C_DN,0,57420,
test_clarinette_casque,lino,23,homme,oui,13,6,non,non,"le son",157ae033-0b3b-4b8d-b6b2-af88826c7443,S_P3,AI2S_3C_DN,65,57420,
test_clarinette_casque,lino,23,homme,oui,13,6,non,non,"le son",157ae033-0b3b-4b8d-b6b2-af88826c7443,S_P3,reference,99,57420,
test_clarinette_casque,lino,23,homme,oui,13,6,non,non,"le son",157ae033-0b3b-4b8d-b6b2-af88826c7443,S_P3,AR1S_1C_DN,29,57420,
test_clarinette_casque,lino,23,homme,oui,13,6,non,non,"le son",157ae033-0b3b-4b8d-b6b2-af88826c7443,S_P1,AC3S_1C_DN,100,32319,
test_clarinette_casque,lino,23,homme,oui,13,6,non,non,"le son",157ae033-0b3b-4b8d-b6b2-af88826c7443,S_P1,AI2S_3C_DN,33,32319,
test_clarinette_casque,lino,23,homme,oui,13,6,non,non,"le son",157ae033-0b3b-4b8d-b6b2-af88826c7443,S_P1,AA7S_1C_DN,13,32319,
test_clarinette_casque,lino,23,homme,oui,13,6,non,non,"le son",157ae033-0b3b-4b8d-b6b2-af88826c7443,S_P1,reference,66,32319,
test_clarinette_casque,Julien,23,autre,non,,,non,non,"Le ressenti",05cdc3ad-e83c-4481-a812-0cd7916de3b1,Entrainement,AEN_2,38,114681,
test_clarinette_casque,Julien,23,autre,non,,,non,non,"Le ressenti",05cdc3ad-e83c-4481-a812-0cd7916de3b1,Entrainement,AEN_3,64,114681,
test_clarinette_casque,Julien,23,autre,non,,,non,non,"Le ressenti",05cdc3ad-e83c-4481-a812-0cd7916de3b1,Entrainement,AEN_5,1,114681,
test_clarinette_casque,Julien,23,autre,non,,,non,non,"Le ressenti",05cdc3ad-e83c-4481-a812-0cd7916de3b1,Entrainement,AEN_4,58,114681,
test_clarinette_casque,Julien,23,autre,non,,,non,non,"Le ressenti",05cdc3ad-e83c-4481-a812-0cd7916de3b1,Entrainement,reference,100,114681,
test_clarinette_casque,Julien,23,autre,non,,,non,non,"Le ressenti",05cdc3ad-e83c-4481-a812-0cd7916de3b1,P_P1,AA7P_1C_DN,31,88823,
test_clarinette_casque,Julien,23,autre,non,,,non,non,"Le ressenti",05cdc3ad-e83c-4481-a812-0cd7916de3b1,P_P1,reference,81,88823,
test_clarinette_casque,Julien,23,autre,non,,,non,non,"Le ressenti",05cdc3ad-e83c-4481-a812-0cd7916de3b1,P_P1,AI2P_3C_DN,52,88823,
test_clarinette_casque,Julien,23,autre,non,,,non,non,"Le ressenti",05cdc3ad-e83c-4481-a812-0cd7916de3b1,P_P1,AC3P_1C_DN,73,88823,
test_clarinette_casque,Julien,23,autre,non,,,non,non,"Le ressenti",05cdc3ad-e83c-4481-a812-0cd7916de3b1,P_P2,reference,38,52081,
test_clarinette_casque,Julien,23,autre,non,,,non,non,"Le ressenti",05cdc3ad-e83c-4481-a812-0cd7916de3b1,P_P2,AA7P_1C_DN,13,52081,
test_clarinette_casque,Julien,23,autre,non,,,non,non,"Le ressenti",05cdc3ad-e83c-4481-a812-0cd7916de3b1,P_P2,AC3P_1C_DN,85,52081,
test_clarinette_casque,Julien,23,autre,non,,,non,non,"Le ressenti",05cdc3ad-e83c-4481-a812-0cd7916de3b1,P_P2,AR1P_1C_DN,21,52081,
test_clarinette_casque,Julien,23,autre,non,,,non,non,"Le ressenti",05cdc3ad-e83c-4481-a812-0cd7916de3b1,P_P3,reference,100,46371,
test_clarinette_casque,Julien,23,autre,non,,,non,non,"Le ressenti",05cdc3ad-e83c-4481-a812-0cd7916de3b1,P_P3,AR1P_1C_DN,24,46371,
test_clarinette_casque,Julien,23,autre,non,,,non,non,"Le ressenti",05cdc3ad-e83c-4481-a812-0cd7916de3b1,P_P3,AI2P_3C_DN,70,46371,
test_clarinette_casque,Julien,23,autre,non,,,non,non,"Le ressenti",05cdc3ad-e83c-4481-a812-0cd7916de3b1,P_P3,AA7P_1C_DN,50,46371,
test_clarinette_casque,Julien,23,autre,non,,,non,non,"Le ressenti",05cdc3ad-e83c-4481-a812-0cd7916de3b1,G_P1,AA7G_1C_DN,1,77733,
test_clarinette_casque,Julien,23,autre,non,,,non,non,"Le ressenti",05cdc3ad-e83c-4481-a812-0cd7916de3b1,G_P1,AC3G_5C_DN,77,77733,
test_clarinette_casque,Julien,23,autre,non,,,non,non,"Le ressenti",05cdc3ad-e83c-4481-a812-0cd7916de3b1,G_P1,AC3G_4C_DN,89,77733,
test_clarinette_casque,Julien,23,autre,non,,,non,non,"Le ressenti",05cdc3ad-e83c-4481-a812-0cd7916de3b1,G_P1,reference,83,77733,
test_clarinette_casque,Julien,23,autre,non,,,non,non,"Le ressenti",05cdc3ad-e83c-4481-a812-0cd7916de3b1,G_P1,AC3G_3C_DN,40,77733,
test_clarinette_casque,Julien,23,autre,non,,,non,non,"Le ressenti",05cdc3ad-e83c-4481-a812-0cd7916de3b1,G_P1,AC3G_2C_DN,95,77733,
test_clarinette_casque,Julien,23,autre,non,,,non,non,"Le ressenti",05cdc3ad-e83c-4481-a812-0cd7916de3b1,S_P1,AI2S_3C_DN,38,56115,
test_clarinette_casque,Julien,23,autre,non,,,non,non,"Le ressenti",05cdc3ad-e83c-4481-a812-0cd7916de3b1,S_P1,reference,75,56115,
test_clarinette_casque,Julien,23,autre,non,,,non,non,"Le ressenti",05cdc3ad-e83c-4481-a812-0cd7916de3b1,S_P1,AC3S_1C_DN,96,56115,
test_clarinette_casque,Julien,23,autre,non,,,non,non,"Le ressenti",05cdc3ad-e83c-4481-a812-0cd7916de3b1,S_P1,AA7S_1C_DN,11,56115,
test_clarinette_casque,Julien,23,autre,non,,,non,non,"Le ressenti",05cdc3ad-e83c-4481-a812-0cd7916de3b1,S_P3,AA7S_1C_DN,16,48152,
test_clarinette_casque,Julien,23,autre,non,,,non,non,"Le ressenti",05cdc3ad-e83c-4481-a812-0cd7916de3b1,S_P3,reference,76,48152,
test_clarinette_casque,Julien,23,autre,non,,,non,non,"Le ressenti",05cdc3ad-e83c-4481-a812-0cd7916de3b1,S_P3,AI2S_3C_DN,33,48152,
test_clarinette_casque,Julien,23,autre,non,,,non,non,"Le ressenti",05cdc3ad-e83c-4481-a812-0cd7916de3b1,S_P3,AR1S_1C_DN,87,48152,
test_clarinette_casque,Julien,23,autre,non,,,non,non,"Le ressenti",05cdc3ad-e83c-4481-a812-0cd7916de3b1,S_P2,AR1S_1C_DN,36,48039,
test_clarinette_casque,Julien,23,autre,non,,,non,non,"Le ressenti",05cdc3ad-e83c-4481-a812-0cd7916de3b1,S_P2,reference,90,48039,
test_clarinette_casque,Julien,23,autre,non,,,non,non,"Le ressenti",05cdc3ad-e83c-4481-a812-0cd7916de3b1,S_P2,AC3S_1C_DN,46,48039,
test_clarinette_casque,Julien,23,autre,non,,,non,non,"Le ressenti",05cdc3ad-e83c-4481-a812-0cd7916de3b1,S_P2,AA7S_1C_DN,8,48039,
test_clarinette_casque,Theo,25,homme,oui," 1 an",13,non,non,"Sons - basses - aigus",7738a4e3-1e88-41ec-bf14-08f0ed75ee52,Entrainement,AEN_5,15,175284,
test_clarinette_casque,Theo,25,homme,oui," 1 an",13,non,non,"Sons - basses - aigus",7738a4e3-1e88-41ec-bf14-08f0ed75ee52,Entrainement,reference,95,175284,
test_clarinette_casque,Theo,25,homme,oui," 1 an",13,non,non,"Sons - basses - aigus",7738a4e3-1e88-41ec-bf14-08f0ed75ee52,Entrainement,AEN_4,50,175284,
test_clarinette_casque,Theo,25,homme,oui," 1 an",13,non,non,"Sons - basses - aigus",7738a4e3-1e88-41ec-bf14-08f0ed75ee52,Entrainement,AEN_2,75,175284,
test_clarinette_casque,Theo,25,homme,oui," 1 an",13,non,non,"Sons - basses - aigus",7738a4e3-1e88-41ec-bf14-08f0ed75ee52,Entrainement,AEN_3,70,175284,
test_clarinette_casque,Theo,25,homme,oui," 1 an",13,non,non,"Sons - basses - aigus",7738a4e3-1e88-41ec-bf14-08f0ed75ee52,P_P2,AA7P_1C_DN,20,123732,
test_clarinette_casque,Theo,25,homme,oui," 1 an",13,non,non,"Sons - basses - aigus",7738a4e3-1e88-41ec-bf14-08f0ed75ee52,P_P2,AC3P_1C_DN,60,123732,
test_clarinette_casque,Theo,25,homme,oui," 1 an",13,non,non,"Sons - basses - aigus",7738a4e3-1e88-41ec-bf14-08f0ed75ee52,P_P2,reference,85,123732,
test_clarinette_casque,Theo,25,homme,oui," 1 an",13,non,non,"Sons - basses - aigus",7738a4e3-1e88-41ec-bf14-08f0ed75ee52,P_P2,AR1P_1C_DN,100,123732,
test_clarinette_casque,Theo,25,homme,oui," 1 an",13,non,non,"Sons - basses - aigus",7738a4e3-1e88-41ec-bf14-08f0ed75ee52,P_P1,AC3P_1C_DN,70,74488,
test_clarinette_casque,Theo,25,homme,oui," 1 an",13,non,non,"Sons - basses - aigus",7738a4e3-1e88-41ec-bf14-08f0ed75ee52,P_P1,AI2P_3C_DN,100,74488,
test_clarinette_casque,Theo,25,homme,oui," 1 an",13,non,non,"Sons - basses - aigus",7738a4e3-1e88-41ec-bf14-08f0ed75ee52,P_P1,AA7P_1C_DN,0,74488,
test_clarinette_casque,Theo,25,homme,oui," 1 an",13,non,non,"Sons - basses - aigus",7738a4e3-1e88-41ec-bf14-08f0ed75ee52,P_P1,reference,20,74488,
test_clarinette_casque,Theo,25,homme,oui," 1 an",13,non,non,"Sons - basses - aigus",7738a4e3-1e88-41ec-bf14-08f0ed75ee52,P_P3,AI2P_3C_DN,60,79061,
test_clarinette_casque,Theo,25,homme,oui," 1 an",13,non,non,"Sons - basses - aigus",7738a4e3-1e88-41ec-bf14-08f0ed75ee52,P_P3,reference,90,79061,
test_clarinette_casque,Theo,25,homme,oui," 1 an",13,non,non,"Sons - basses - aigus",7738a4e3-1e88-41ec-bf14-08f0ed75ee52,P_P3,AR1P_1C_DN,80,79061,
test_clarinette_casque,Theo,25,homme,oui," 1 an",13,non,non,"Sons - basses - aigus",7738a4e3-1e88-41ec-bf14-08f0ed75ee52,P_P3,AA7P_1C_DN,0,79061,
test_clarinette_casque,Theo,25,homme,oui," 1 an",13,non,non,"Sons - basses - aigus",7738a4e3-1e88-41ec-bf14-08f0ed75ee52,G_P1,AA7G_1C_DN,0,139854,
test_clarinette_casque,Theo,25,homme,oui," 1 an",13,non,non,"Sons - basses - aigus",7738a4e3-1e88-41ec-bf14-08f0ed75ee52,G_P1,AC3G_4C_DN,80,139854,
test_clarinette_casque,Theo,25,homme,oui," 1 an",13,non,non,"Sons - basses - aigus",7738a4e3-1e88-41ec-bf14-08f0ed75ee52,G_P1,AC3G_2C_DN,90,139854,
test_clarinette_casque,Theo,25,homme,oui," 1 an",13,non,non,"Sons - basses - aigus",7738a4e3-1e88-41ec-bf14-08f0ed75ee52,G_P1,reference,100,139854,
test_clarinette_casque,Theo,25,homme,oui," 1 an",13,non,non,"Sons - basses - aigus",7738a4e3-1e88-41ec-bf14-08f0ed75ee52,G_P1,AC3G_5C_DN,90,139854,
test_clarinette_casque,Theo,25,homme,oui," 1 an",13,non,non,"Sons - basses - aigus",7738a4e3-1e88-41ec-bf14-08f0ed75ee52,G_P1,AC3G_3C_DN,90,139854,
test_clarinette_casque,Theo,25,homme,oui," 1 an",13,non,non,"Sons - basses - aigus",7738a4e3-1e88-41ec-bf14-08f0ed75ee52,S_P3,reference,60,83116,
test_clarinette_casque,Theo,25,homme,oui," 1 an",13,non,non,"Sons - basses - aigus",7738a4e3-1e88-41ec-bf14-08f0ed75ee52,S_P3,AR1S_1C_DN,30,83116,
test_clarinette_casque,Theo,25,homme,oui," 1 an",13,non,non,"Sons - basses - aigus",7738a4e3-1e88-41ec-bf14-08f0ed75ee52,S_P3,AA7S_1C_DN,0,83116,
test_clarinette_casque,Theo,25,homme,oui," 1 an",13,non,non,"Sons - basses - aigus",7738a4e3-1e88-41ec-bf14-08f0ed75ee52,S_P3,AI2S_3C_DN,90,83116,
test_clarinette_casque,Theo,25,homme,oui," 1 an",13,non,non,"Sons - basses - aigus",7738a4e3-1e88-41ec-bf14-08f0ed75ee52,S_P1,reference,60,103518,
test_clarinette_casque,Theo,25,homme,oui," 1 an",13,non,non,"Sons - basses - aigus",7738a4e3-1e88-41ec-bf14-08f0ed75ee52,S_P1,AI2S_3C_DN,80,103518,
test_clarinette_casque,Theo,25,homme,oui," 1 an",13,non,non,"Sons - basses - aigus",7738a4e3-1e88-41ec-bf14-08f0ed75ee52,S_P1,AC3S_1C_DN,95,103518,
test_clarinette_casque,Theo,25,homme,oui," 1 an",13,non,non,"Sons - basses - aigus",7738a4e3-1e88-41ec-bf14-08f0ed75ee52,S_P1,AA7S_1C_DN,0,103518,
test_clarinette_casque,Theo,25,homme,oui," 1 an",13,non,non,"Sons - basses - aigus",7738a4e3-1e88-41ec-bf14-08f0ed75ee52,S_P2,AR1S_1C_DN,80,76483,
test_clarinette_casque,Theo,25,homme,oui," 1 an",13,non,non,"Sons - basses - aigus",7738a4e3-1e88-41ec-bf14-08f0ed75ee52,S_P2,reference,100,76483,
test_clarinette_casque,Theo,25,homme,oui," 1 an",13,non,non,"Sons - basses - aigus",7738a4e3-1e88-41ec-bf14-08f0ed75ee52,S_P2,AA7S_1C_DN,0,76483,
test_clarinette_casque,Theo,25,homme,oui," 1 an",13,non,non,"Sons - basses - aigus",7738a4e3-1e88-41ec-bf14-08f0ed75ee52,S_P2,AC3S_1C_DN,40,76483,
test_clarinette_casque,lino,23,femme,non,,,non,non,"au hasard",f22605fa-77af-472f-8249-99ebe12e9109,Entrainement,AEN_4,50,12160,
test_clarinette_casque,lino,23,femme,non,,,non,non,"au hasard",f22605fa-77af-472f-8249-99ebe12e9109,Entrainement,AEN_2,50,12160,
test_clarinette_casque,lino,23,femme,non,,,non,non,"au hasard",f22605fa-77af-472f-8249-99ebe12e9109,Entrainement,AEN_5,50,12160,
test_clarinette_casque,lino,23,femme,non,,,non,non,"au hasard",f22605fa-77af-472f-8249-99ebe12e9109,Entrainement,reference,50,12160,
test_clarinette_casque,lino,23,femme,non,,,non,non,"au hasard",f22605fa-77af-472f-8249-99ebe12e9109,Entrainement,AEN_3,50,12160,
test_clarinette_casque,lino,23,femme,non,,,non,non,"au hasard",f22605fa-77af-472f-8249-99ebe12e9109,P_P2,AR1P_1C_DN,58,57984,
test_clarinette_casque,lino,23,femme,non,,,non,non,"au hasard",f22605fa-77af-472f-8249-99ebe12e9109,P_P2,AC3P_1C_DN,35,57984,
test_clarinette_casque,lino,23,femme,non,,,non,non,"au hasard",f22605fa-77af-472f-8249-99ebe12e9109,P_P2,reference,100,57984,
test_clarinette_casque,lino,23,femme,non,,,non,non,"au hasard",f22605fa-77af-472f-8249-99ebe12e9109,P_P2,AA7P_1C_DN,0,57984,
test_clarinette_casque,lino,23,femme,non,,,non,non,"au hasard",f22605fa-77af-472f-8249-99ebe12e9109,P_P3,AA7P_1C_DN,0,41093,
test_clarinette_casque,lino,23,femme,non,,,non,non,"au hasard",f22605fa-77af-472f-8249-99ebe12e9109,P_P3,reference,100,41093,
test_clarinette_casque,lino,23,femme,non,,,non,non,"au hasard",f22605fa-77af-472f-8249-99ebe12e9109,P_P3,AI2P_3C_DN,35,41093,
test_clarinette_casque,lino,23,femme,non,,,non,non,"au hasard",f22605fa-77af-472f-8249-99ebe12e9109,P_P3,AR1P_1C_DN,62,41093,
test_clarinette_casque,lino,23,femme,non,,,non,non,"au hasard",f22605fa-77af-472f-8249-99ebe12e9109,P_P1,AA7P_1C_DN,0,33628,
test_clarinette_casque,lino,23,femme,non,,,non,non,"au hasard",f22605fa-77af-472f-8249-99ebe12e9109,P_P1,AC3P_1C_DN,40,33628,
test_clarinette_casque,lino,23,femme,non,,,non,non,"au hasard",f22605fa-77af-472f-8249-99ebe12e9109,P_P1,reference,67,33628,
test_clarinette_casque,lino,23,femme,non,,,non,non,"au hasard",f22605fa-77af-472f-8249-99ebe12e9109,P_P1,AI2P_3C_DN,100,33628,
test_clarinette_casque,lino,23,femme,non,,,non,non,"au hasard",f22605fa-77af-472f-8249-99ebe12e9109,G_P1,reference,100,56323,
test_clarinette_casque,lino,23,femme,non,,,non,non,"au hasard",f22605fa-77af-472f-8249-99ebe12e9109,G_P1,AC3G_3C_DN,33,56323,
test_clarinette_casque,lino,23,femme,non,,,non,non,"au hasard",f22605fa-77af-472f-8249-99ebe12e9109,G_P1,AC3G_4C_DN,54,56323,
test_clarinette_casque,lino,23,femme,non,,,non,non,"au hasard",f22605fa-77af-472f-8249-99ebe12e9109,G_P1,AC3G_2C_DN,69,56323,
test_clarinette_casque,lino,23,femme,non,,,non,non,"au hasard",f22605fa-77af-472f-8249-99ebe12e9109,G_P1,AC3G_5C_DN,72,56323,
test_clarinette_casque,lino,23,femme,non,,,non,non,"au hasard",f22605fa-77af-472f-8249-99ebe12e9109,G_P1,AA7G_1C_DN,1,56323,
test_clarinette_casque,lino,23,femme,non,,,non,non,"au hasard",f22605fa-77af-472f-8249-99ebe12e9109,S_P3,AI2S_3C_DN,69,35793,
test_clarinette_casque,lino,23,femme,non,,,non,non,"au hasard",f22605fa-77af-472f-8249-99ebe12e9109,S_P3,AA7S_1C_DN,7,35793,
test_clarinette_casque,lino,23,femme,non,,,non,non,"au hasard",f22605fa-77af-472f-8249-99ebe12e9109,S_P3,AR1S_1C_DN,41,35793,
test_clarinette_casque,lino,23,femme,non,,,non,non,"au hasard",f22605fa-77af-472f-8249-99ebe12e9109,S_P3,reference,100,35793,
test_clarinette_casque,lino,23,femme,non,,,non,non,"au hasard",f22605fa-77af-472f-8249-99ebe12e9109,S_P1,AI2S_3C_DN,69,32637,
test_clarinette_casque,lino,23,femme,non,,,non,non,"au hasard",f22605fa-77af-472f-8249-99ebe12e9109,S_P1,reference,98,32637,
test_clarinette_casque,lino,23,femme,non,,,non,non,"au hasard",f22605fa-77af-472f-8249-99ebe12e9109,S_P1,AA7S_1C_DN,3,32637,
test_clarinette_casque,lino,23,femme,non,,,non,non,"au hasard",f22605fa-77af-472f-8249-99ebe12e9109,S_P1,AC3S_1C_DN,38,32637,
test_clarinette_casque,lino,23,femme,non,,,non,non,"au hasard",f22605fa-77af-472f-8249-99ebe12e9109,S_P2,reference,100,43903,
test_clarinette_casque,lino,23,femme,non,,,non,non,"au hasard",f22605fa-77af-472f-8249-99ebe12e9109,S_P2,AC3S_1C_DN,71,43903,
test_clarinette_casque,lino,23,femme,non,,,non,non,"au hasard",f22605fa-77af-472f-8249-99ebe12e9109,S_P2,AA7S_1C_DN,2,43903,
test_clarinette_casque,lino,23,femme,non,,,non,non,"au hasard",f22605fa-77af-472f-8249-99ebe12e9109,S_P2,AR1S_1C_DN,37,43903,
test_clarinette_casque,DIAMS,27,homme,non,,,non,non,L'écoute,dea094ca-bac4-4c78-b415-46c426bd1314,Entrainement,reference,100,192520,
test_clarinette_casque,DIAMS,27,homme,non,,,non,non,L'écoute,dea094ca-bac4-4c78-b415-46c426bd1314,Entrainement,AEN_3,40,192520,
test_clarinette_casque,DIAMS,27,homme,non,,,non,non,L'écoute,dea094ca-bac4-4c78-b415-46c426bd1314,Entrainement,AEN_2,20,192520,
test_clarinette_casque,DIAMS,27,homme,non,,,non,non,L'écoute,dea094ca-bac4-4c78-b415-46c426bd1314,Entrainement,AEN_5,0,192520,
test_clarinette_casque,DIAMS,27,homme,non,,,non,non,L'écoute,dea094ca-bac4-4c78-b415-46c426bd1314,Entrainement,AEN_4,20,192520,
test_clarinette_casque,DIAMS,27,homme,non,,,non,non,L'écoute,dea094ca-bac4-4c78-b415-46c426bd1314,P_P3,AA7P_1C_DN,0,131245,
test_clarinette_casque,DIAMS,27,homme,non,,,non,non,L'écoute,dea094ca-bac4-4c78-b415-46c426bd1314,P_P3,reference,50,131245,
test_clarinette_casque,DIAMS,27,homme,non,,,non,non,L'écoute,dea094ca-bac4-4c78-b415-46c426bd1314,P_P3,AI2P_3C_DN,50,131245,
test_clarinette_casque,DIAMS,27,homme,non,,,non,non,L'écoute,dea094ca-bac4-4c78-b415-46c426bd1314,P_P3,AR1P_1C_DN,99,131245,
test_clarinette_casque,DIAMS,27,homme,non,,,non,non,L'écoute,dea094ca-bac4-4c78-b415-46c426bd1314,P_P2,AC3P_1C_DN,80,113079,
test_clarinette_casque,DIAMS,27,homme,non,,,non,non,L'écoute,dea094ca-bac4-4c78-b415-46c426bd1314,P_P2,AR1P_1C_DN,15,113079,
test_clarinette_casque,DIAMS,27,homme,non,,,non,non,L'écoute,dea094ca-bac4-4c78-b415-46c426bd1314,P_P2,reference,80,113079,
test_clarinette_casque,DIAMS,27,homme,non,,,non,non,L'écoute,dea094ca-bac4-4c78-b415-46c426bd1314,P_P2,AA7P_1C_DN,0,113079,
test_clarinette_casque,DIAMS,27,homme,non,,,non,non,L'écoute,dea094ca-bac4-4c78-b415-46c426bd1314,P_P1,reference,100,64460,
test_clarinette_casque,DIAMS,27,homme,non,,,non,non,L'écoute,dea094ca-bac4-4c78-b415-46c426bd1314,P_P1,AI2P_3C_DN,80,64460,
test_clarinette_casque,DIAMS,27,homme,non,,,non,non,L'écoute,dea094ca-bac4-4c78-b415-46c426bd1314,P_P1,AA7P_1C_DN,5,64460,
test_clarinette_casque,DIAMS,27,homme,non,,,non,non,L'écoute,dea094ca-bac4-4c78-b415-46c426bd1314,P_P1,AC3P_1C_DN,75,64460,
test_clarinette_casque,DIAMS,27,homme,non,,,non,non,L'écoute,dea094ca-bac4-4c78-b415-46c426bd1314,G_P1,AA7G_1C_DN,0,100086,
test_clarinette_casque,DIAMS,27,homme,non,,,non,non,L'écoute,dea094ca-bac4-4c78-b415-46c426bd1314,G_P1,AC3G_4C_DN,93,100086,
test_clarinette_casque,DIAMS,27,homme,non,,,non,non,L'écoute,dea094ca-bac4-4c78-b415-46c426bd1314,G_P1,reference,80,100086,
test_clarinette_casque,DIAMS,27,homme,non,,,non,non,L'écoute,dea094ca-bac4-4c78-b415-46c426bd1314,G_P1,AC3G_2C_DN,40,100086,
test_clarinette_casque,DIAMS,27,homme,non,,,non,non,L'écoute,dea094ca-bac4-4c78-b415-46c426bd1314,G_P1,AC3G_3C_DN,40,100086,
test_clarinette_casque,DIAMS,27,homme,non,,,non,non,L'écoute,dea094ca-bac4-4c78-b415-46c426bd1314,G_P1,AC3G_5C_DN,100,100086,
test_clarinette_casque,DIAMS,27,homme,non,,,non,non,L'écoute,dea094ca-bac4-4c78-b415-46c426bd1314,S_P1,AC3S_1C_DN,20,115744,
test_clarinette_casque,DIAMS,27,homme,non,,,non,non,L'écoute,dea094ca-bac4-4c78-b415-46c426bd1314,S_P1,AA7S_1C_DN,0,115744,
test_clarinette_casque,DIAMS,27,homme,non,,,non,non,L'écoute,dea094ca-bac4-4c78-b415-46c426bd1314,S_P1,AI2S_3C_DN,50,115744,
test_clarinette_casque,DIAMS,27,homme,non,,,non,non,L'écoute,dea094ca-bac4-4c78-b415-46c426bd1314,S_P1,reference,30,115744,
test_clarinette_casque,DIAMS,27,homme,non,,,non,non,L'écoute,dea094ca-bac4-4c78-b415-46c426bd1314,S_P3,AI2S_3C_DN,85,79062,
test_clarinette_casque,DIAMS,27,homme,non,,,non,non,L'écoute,dea094ca-bac4-4c78-b415-46c426bd1314,S_P3,reference,86,79062,
test_clarinette_casque,DIAMS,27,homme,non,,,non,non,L'écoute,dea094ca-bac4-4c78-b415-46c426bd1314,S_P3,AA7S_1C_DN,0,79062,
test_clarinette_casque,DIAMS,27,homme,non,,,non,non,L'écoute,dea094ca-bac4-4c78-b415-46c426bd1314,S_P3,AR1S_1C_DN,50,79062,
test_clarinette_casque,DIAMS,27,homme,non,,,non,non,L'écoute,dea094ca-bac4-4c78-b415-46c426bd1314,S_P2,AC3S_1C_DN,85,57989,
test_clarinette_casque,DIAMS,27,homme,non,,,non,non,L'écoute,dea094ca-bac4-4c78-b415-46c426bd1314,S_P2,AR1S_1C_DN,85,57989,
test_clarinette_casque,DIAMS,27,homme,non,,,non,non,L'écoute,dea094ca-bac4-4c78-b415-46c426bd1314,S_P2,AA7S_1C_DN,0,57989,
test_clarinette_casque,DIAMS,27,homme,non,,,non,non,L'écoute,dea094ca-bac4-4c78-b415-46c426bd1314,S_P2,reference,100,57989,
test_clarinette_casque,test,ette,femme,oui,te,te,non,non,te,e4176d1d-e347-418a-98de-5b83cb478c66,Entrainement,AEN_2,50,72215,
test_clarinette_casque,test,ette,femme,oui,te,te,non,non,te,e4176d1d-e347-418a-98de-5b83cb478c66,Entrainement,reference,50,72215,
test_clarinette_casque,test,ette,femme,oui,te,te,non,non,te,e4176d1d-e347-418a-98de-5b83cb478c66,Entrainement,AEN_3,50,72215,
test_clarinette_casque,test,ette,femme,oui,te,te,non,non,te,e4176d1d-e347-418a-98de-5b83cb478c66,Entrainement,AEN_5,50,72215,
test_clarinette_casque,test,ette,femme,oui,te,te,non,non,te,e4176d1d-e347-418a-98de-5b83cb478c66,Entrainement,AEN_4,50,72215,
test_clarinette_casque,test,ette,femme,oui,te,te,non,non,te,e4176d1d-e347-418a-98de-5b83cb478c66,P_P1,AC3P_1C_DN,50,852,
test_clarinette_casque,test,ette,femme,oui,te,te,non,non,te,e4176d1d-e347-418a-98de-5b83cb478c66,P_P1,reference,50,852,
test_clarinette_casque,test,ette,femme,oui,te,te,non,non,te,e4176d1d-e347-418a-98de-5b83cb478c66,P_P1,AI2P_3C_DN,50,852,
test_clarinette_casque,test,ette,femme,oui,te,te,non,non,te,e4176d1d-e347-418a-98de-5b83cb478c66,P_P1,AA7P_1C_DN,50,852,
test_clarinette_casque,test,ette,femme,oui,te,te,non,non,te,e4176d1d-e347-418a-98de-5b83cb478c66,P_P2,AC3P_1C_DN,50,384,
test_clarinette_casque,test,ette,femme,oui,te,te,non,non,te,e4176d1d-e347-418a-98de-5b83cb478c66,P_P2,reference,50,384,
test_clarinette_casque,test,ette,femme,oui,te,te,non,non,te,e4176d1d-e347-418a-98de-5b83cb478c66,P_P2,AR1P_1C_DN,50,384,
test_clarinette_casque,test,ette,femme,oui,te,te,non,non,te,e4176d1d-e347-418a-98de-5b83cb478c66,P_P2,AA7P_1C_DN,50,384,
test_clarinette_casque,test,ette,femme,oui,te,te,non,non,te,e4176d1d-e347-418a-98de-5b83cb478c66,P_P3,reference,50,168,
test_clarinette_casque,test,ette,femme,oui,te,te,non,non,te,e4176d1d-e347-418a-98de-5b83cb478c66,P_P3,AI2P_3C_DN,50,168,
test_clarinette_casque,test,ette,femme,oui,te,te,non,non,te,e4176d1d-e347-418a-98de-5b83cb478c66,P_P3,AA7P_1C_DN,50,168,
test_clarinette_casque,test,ette,femme,oui,te,te,non,non,te,e4176d1d-e347-418a-98de-5b83cb478c66,P_P3,AR1P_1C_DN,50,168,
test_clarinette_casque,test,ette,femme,oui,te,te,non,non,te,e4176d1d-e347-418a-98de-5b83cb478c66,G_P1,AA7G_1C_DN,50,113,
test_clarinette_casque,test,ette,femme,oui,te,te,non,non,te,e4176d1d-e347-418a-98de-5b83cb478c66,G_P1,AC3G_5C_DN,50,113,
test_clarinette_casque,test,ette,femme,oui,te,te,non,non,te,e4176d1d-e347-418a-98de-5b83cb478c66,G_P1,AC3G_2C_DN,50,113,
test_clarinette_casque,test,ette,femme,oui,te,te,non,non,te,e4176d1d-e347-418a-98de-5b83cb478c66,G_P1,AC3G_4C_DN,50,113,
test_clarinette_casque,test,ette,femme,oui,te,te,non,non,te,e4176d1d-e347-418a-98de-5b83cb478c66,G_P1,AC3G_3C_DN,50,113,
test_clarinette_casque,test,ette,femme,oui,te,te,non,non,te,e4176d1d-e347-418a-98de-5b83cb478c66,G_P1,reference,50,113,
test_clarinette_casque,test,ette,femme,oui,te,te,non,non,te,e4176d1d-e347-418a-98de-5b83cb478c66,S_P2,reference,50,114,
test_clarinette_casque,test,ette,femme,oui,te,te,non,non,te,e4176d1d-e347-418a-98de-5b83cb478c66,S_P2,AR1S_1C_DN,50,114,
test_clarinette_casque,test,ette,femme,oui,te,te,non,non,te,e4176d1d-e347-418a-98de-5b83cb478c66,S_P2,AC3S_1C_DN,50,114,
test_clarinette_casque,test,ette,femme,oui,te,te,non,non,te,e4176d1d-e347-418a-98de-5b83cb478c66,S_P2,AA7S_1C_DN,50,114,
test_clarinette_casque,test,ette,femme,oui,te,te,non,non,te,e4176d1d-e347-418a-98de-5b83cb478c66,S_P1,AA7S_1C_DN,50,112,
test_clarinette_casque,test,ette,femme,oui,te,te,non,non,te,e4176d1d-e347-418a-98de-5b83cb478c66,S_P1,AI2S_3C_DN,50,112,
test_clarinette_casque,test,ette,femme,oui,te,te,non,non,te,e4176d1d-e347-418a-98de-5b83cb478c66,S_P1,AC3S_1C_DN,50,112,
test_clarinette_casque,test,ette,femme,oui,te,te,non,non,te,e4176d1d-e347-418a-98de-5b83cb478c66,S_P1,reference,50,112,
test_clarinette_casque,test,ette,femme,oui,te,te,non,non,te,e4176d1d-e347-418a-98de-5b83cb478c66,S_P3,AI2S_3C_DN,50,116,
test_clarinette_casque,test,ette,femme,oui,te,te,non,non,te,e4176d1d-e347-418a-98de-5b83cb478c66,S_P3,reference,50,116,
test_clarinette_casque,test,ette,femme,oui,te,te,non,non,te,e4176d1d-e347-418a-98de-5b83cb478c66,S_P3,AR1S_1C_DN,50,116,
test_clarinette_casque,test,ette,femme,oui,te,te,non,non,te,e4176d1d-e347-418a-98de-5b83cb478c66,S_P3,AA7S_1C_DN,50,116,
test_clarinette_casque,Leprof,31,homme,oui,10,8,non,non,"Brillance / Tenu de note",20b72e57-5f15-4fea-aaff-40d8927d3962,Entrainement,AEN_4,40,68374,
test_clarinette_casque,Leprof,31,homme,oui,10,8,non,non,"Brillance / Tenu de note",20b72e57-5f15-4fea-aaff-40d8927d3962,Entrainement,AEN_3,56,68374,
test_clarinette_casque,Leprof,31,homme,oui,10,8,non,non,"Brillance / Tenu de note",20b72e57-5f15-4fea-aaff-40d8927d3962,Entrainement,AEN_2,38,68374,
test_clarinette_casque,Leprof,31,homme,oui,10,8,non,non,"Brillance / Tenu de note",20b72e57-5f15-4fea-aaff-40d8927d3962,Entrainement,reference,100,68374,
test_clarinette_casque,Leprof,31,homme,oui,10,8,non,non,"Brillance / Tenu de note",20b72e57-5f15-4fea-aaff-40d8927d3962,Entrainement,AEN_5,1,68374,
test_clarinette_casque,Leprof,31,homme,oui,10,8,non,non,"Brillance / Tenu de note",20b72e57-5f15-4fea-aaff-40d8927d3962,P_P2,AR1P_1C_DN,61,51025,
test_clarinette_casque,Leprof,31,homme,oui,10,8,non,non,"Brillance / Tenu de note",20b72e57-5f15-4fea-aaff-40d8927d3962,P_P2,AA7P_1C_DN,0,51025,
test_clarinette_casque,Leprof,31,homme,oui,10,8,non,non,"Brillance / Tenu de note",20b72e57-5f15-4fea-aaff-40d8927d3962,P_P2,reference,100,51025,
test_clarinette_casque,Leprof,31,homme,oui,10,8,non,non,"Brillance / Tenu de note",20b72e57-5f15-4fea-aaff-40d8927d3962,P_P2,AC3P_1C_DN,42,51025,
test_clarinette_casque,Leprof,31,homme,oui,10,8,non,non,"Brillance / Tenu de note",20b72e57-5f15-4fea-aaff-40d8927d3962,P_P3,reference,100,74791,
test_clarinette_casque,Leprof,31,homme,oui,10,8,non,non,"Brillance / Tenu de note",20b72e57-5f15-4fea-aaff-40d8927d3962,P_P3,AI2P_3C_DN,79,74791,
test_clarinette_casque,Leprof,31,homme,oui,10,8,non,non,"Brillance / Tenu de note",20b72e57-5f15-4fea-aaff-40d8927d3962,P_P3,AA7P_1C_DN,4,74791,
test_clarinette_casque,Leprof,31,homme,oui,10,8,non,non,"Brillance / Tenu de note",20b72e57-5f15-4fea-aaff-40d8927d3962,P_P3,AR1P_1C_DN,42,74791,
test_clarinette_casque,Leprof,31,homme,oui,10,8,non,non,"Brillance / Tenu de note",20b72e57-5f15-4fea-aaff-40d8927d3962,P_P1,AC3P_1C_DN,77,62980,
test_clarinette_casque,Leprof,31,homme,oui,10,8,non,non,"Brillance / Tenu de note",20b72e57-5f15-4fea-aaff-40d8927d3962,P_P1,AI2P_3C_DN,31,62980,
test_clarinette_casque,Leprof,31,homme,oui,10,8,non,non,"Brillance / Tenu de note",20b72e57-5f15-4fea-aaff-40d8927d3962,P_P1,reference,100,62980,
test_clarinette_casque,Leprof,31,homme,oui,10,8,non,non,"Brillance / Tenu de note",20b72e57-5f15-4fea-aaff-40d8927d3962,P_P1,AA7P_1C_DN,1,62980,
test_clarinette_casque,Leprof,31,homme,oui,10,8,non,non,"Brillance / Tenu de note",20b72e57-5f15-4fea-aaff-40d8927d3962,G_P1,AC3G_3C_DN,59,212162,
test_clarinette_casque,Leprof,31,homme,oui,10,8,non,non,"Brillance / Tenu de note",20b72e57-5f15-4fea-aaff-40d8927d3962,G_P1,AC3G_5C_DN,81,212162,
test_clarinette_casque,Leprof,31,homme,oui,10,8,non,non,"Brillance / Tenu de note",20b72e57-5f15-4fea-aaff-40d8927d3962,G_P1,AA7G_1C_DN,0,212162,
test_clarinette_casque,Leprof,31,homme,oui,10,8,non,non,"Brillance / Tenu de note",20b72e57-5f15-4fea-aaff-40d8927d3962,G_P1,AC3G_2C_DN,70,212162,
test_clarinette_casque,Leprof,31,homme,oui,10,8,non,non,"Brillance / Tenu de note",20b72e57-5f15-4fea-aaff-40d8927d3962,G_P1,reference,100,212162,
test_clarinette_casque,Leprof,31,homme,oui,10,8,non,non,"Brillance / Tenu de note",20b72e57-5f15-4fea-aaff-40d8927d3962,G_P1,AC3G_4C_DN,75,212162,
test_clarinette_casque,Leprof,31,homme,oui,10,8,non,non,"Brillance / Tenu de note",20b72e57-5f15-4fea-aaff-40d8927d3962,S_P3,AI2S_3C_DN,81,138891,
test_clarinette_casque,Leprof,31,homme,oui,10,8,non,non,"Brillance / Tenu de note",20b72e57-5f15-4fea-aaff-40d8927d3962,S_P3,AA7S_1C_DN,0,138891,
test_clarinette_casque,Leprof,31,homme,oui,10,8,non,non,"Brillance / Tenu de note",20b72e57-5f15-4fea-aaff-40d8927d3962,S_P3,AR1S_1C_DN,60,138891,
test_clarinette_casque,Leprof,31,homme,oui,10,8,non,non,"Brillance / Tenu de note",20b72e57-5f15-4fea-aaff-40d8927d3962,S_P3,reference,99,138891,
test_clarinette_casque,Leprof,31,homme,oui,10,8,non,non,"Brillance / Tenu de note",20b72e57-5f15-4fea-aaff-40d8927d3962,S_P1,AC3S_1C_DN,69,131460,
test_clarinette_casque,Leprof,31,homme,oui,10,8,non,non,"Brillance / Tenu de note",20b72e57-5f15-4fea-aaff-40d8927d3962,S_P1,AA7S_1C_DN,2,131460,
test_clarinette_casque,Leprof,31,homme,oui,10,8,non,non,"Brillance / Tenu de note",20b72e57-5f15-4fea-aaff-40d8927d3962,S_P1,AI2S_3C_DN,81,131460,
test_clarinette_casque,Leprof,31,homme,oui,10,8,non,non,"Brillance / Tenu de note",20b72e57-5f15-4fea-aaff-40d8927d3962,S_P1,reference,99,131460,
test_clarinette_casque,Leprof,31,homme,oui,10,8,non,non,"Brillance / Tenu de note",20b72e57-5f15-4fea-aaff-40d8927d3962,S_P2,AR1S_1C_DN,99,107043,
test_clarinette_casque,Leprof,31,homme,oui,10,8,non,non,"Brillance / Tenu de note",20b72e57-5f15-4fea-aaff-40d8927d3962,S_P2,AC3S_1C_DN,60,107043,
test_clarinette_casque,Leprof,31,homme,oui,10,8,non,non,"Brillance / Tenu de note",20b72e57-5f15-4fea-aaff-40d8927d3962,S_P2,reference,78,107043,
test_clarinette_casque,Leprof,31,homme,oui,10,8,non,non,"Brillance / Tenu de note",20b72e57-5f15-4fea-aaff-40d8927d3962,S_P2,AA7S_1C_DN,2,107043,
test_clarinette_casque,Youmna,22,femme,oui,"16 ans",6,non,non,"la rondeur du son, le souffle",a7fb50e9-eb51-4d24-95b3-67940ed5e6d1,Entrainement,AEN_5,5,170243,
test_clarinette_casque,Youmna,22,femme,oui,"16 ans",6,non,non,"la rondeur du son, le souffle",a7fb50e9-eb51-4d24-95b3-67940ed5e6d1,Entrainement,AEN_4,94,170243,
test_clarinette_casque,Youmna,22,femme,oui,"16 ans",6,non,non,"la rondeur du son, le souffle",a7fb50e9-eb51-4d24-95b3-67940ed5e6d1,Entrainement,AEN_3,50,170243,
test_clarinette_casque,Youmna,22,femme,oui,"16 ans",6,non,non,"la rondeur du son, le souffle",a7fb50e9-eb51-4d24-95b3-67940ed5e6d1,Entrainement,AEN_2,64,170243,
test_clarinette_casque,Youmna,22,femme,oui,"16 ans",6,non,non,"la rondeur du son, le souffle",a7fb50e9-eb51-4d24-95b3-67940ed5e6d1,Entrainement,reference,79,170243,
test_clarinette_casque,Youmna,22,femme,oui,"16 ans",6,non,non,"la rondeur du son, le souffle",a7fb50e9-eb51-4d24-95b3-67940ed5e6d1,P_P3,AR1P_1C_DN,40,100590,
test_clarinette_casque,Youmna,22,femme,oui,"16 ans",6,non,non,"la rondeur du son, le souffle",a7fb50e9-eb51-4d24-95b3-67940ed5e6d1,P_P3,AI2P_3C_DN,40,100590,
test_clarinette_casque,Youmna,22,femme,oui,"16 ans",6,non,non,"la rondeur du son, le souffle",a7fb50e9-eb51-4d24-95b3-67940ed5e6d1,P_P3,reference,100,100590,
test_clarinette_casque,Youmna,22,femme,oui,"16 ans",6,non,non,"la rondeur du son, le souffle",a7fb50e9-eb51-4d24-95b3-67940ed5e6d1,P_P3,AA7P_1C_DN,0,100590,
test_clarinette_casque,Youmna,22,femme,oui,"16 ans",6,non,non,"la rondeur du son, le souffle",a7fb50e9-eb51-4d24-95b3-67940ed5e6d1,P_P1,AA7P_1C_DN,35,59765,
test_clarinette_casque,Youmna,22,femme,oui,"16 ans",6,non,non,"la rondeur du son, le souffle",a7fb50e9-eb51-4d24-95b3-67940ed5e6d1,P_P1,AI2P_3C_DN,80,59765,
test_clarinette_casque,Youmna,22,femme,oui,"16 ans",6,non,non,"la rondeur du son, le souffle",a7fb50e9-eb51-4d24-95b3-67940ed5e6d1,P_P1,reference,100,59765,
test_clarinette_casque,Youmna,22,femme,oui,"16 ans",6,non,non,"la rondeur du son, le souffle",a7fb50e9-eb51-4d24-95b3-67940ed5e6d1,P_P1,AC3P_1C_DN,90,59765,
test_clarinette_casque,Youmna,22,femme,oui,"16 ans",6,non,non,"la rondeur du son, le souffle",a7fb50e9-eb51-4d24-95b3-67940ed5e6d1,P_P2,AR1P_1C_DN,50,62215,
test_clarinette_casque,Youmna,22,femme,oui,"16 ans",6,non,non,"la rondeur du son, le souffle",a7fb50e9-eb51-4d24-95b3-67940ed5e6d1,P_P2,AC3P_1C_DN,90,62215,
test_clarinette_casque,Youmna,22,femme,oui,"16 ans",6,non,non,"la rondeur du son, le souffle",a7fb50e9-eb51-4d24-95b3-67940ed5e6d1,P_P2,AA7P_1C_DN,20,62215,
test_clarinette_casque,Youmna,22,femme,oui,"16 ans",6,non,non,"la rondeur du son, le souffle",a7fb50e9-eb51-4d24-95b3-67940ed5e6d1,P_P2,reference,100,62215,
test_clarinette_casque,Youmna,22,femme,oui,"16 ans",6,non,non,"la rondeur du son, le souffle",a7fb50e9-eb51-4d24-95b3-67940ed5e6d1,G_P1,reference,40,113484,
test_clarinette_casque,Youmna,22,femme,oui,"16 ans",6,non,non,"la rondeur du son, le souffle",a7fb50e9-eb51-4d24-95b3-67940ed5e6d1,G_P1,AC3G_4C_DN,50,113484,
test_clarinette_casque,Youmna,22,femme,oui,"16 ans",6,non,non,"la rondeur du son, le souffle",a7fb50e9-eb51-4d24-95b3-67940ed5e6d1,G_P1,AC3G_2C_DN,80,113484,
test_clarinette_casque,Youmna,22,femme,oui,"16 ans",6,non,non,"la rondeur du son, le souffle",a7fb50e9-eb51-4d24-95b3-67940ed5e6d1,G_P1,AC3G_5C_DN,100,113484,
test_clarinette_casque,Youmna,22,femme,oui,"16 ans",6,non,non,"la rondeur du son, le souffle",a7fb50e9-eb51-4d24-95b3-67940ed5e6d1,G_P1,AA7G_1C_DN,0,113484,
test_clarinette_casque,Youmna,22,femme,oui,"16 ans",6,non,non,"la rondeur du son, le souffle",a7fb50e9-eb51-4d24-95b3-67940ed5e6d1,G_P1,AC3G_3C_DN,80,113484,
test_clarinette_casque,Youmna,22,femme,oui,"16 ans",6,non,non,"la rondeur du son, le souffle",a7fb50e9-eb51-4d24-95b3-67940ed5e6d1,S_P1,AC3S_1C_DN,50,80196,
test_clarinette_casque,Youmna,22,femme,oui,"16 ans",6,non,non,"la rondeur du son, le souffle",a7fb50e9-eb51-4d24-95b3-67940ed5e6d1,S_P1,reference,100,80196,
test_clarinette_casque,Youmna,22,femme,oui,"16 ans",6,non,non,"la rondeur du son, le souffle",a7fb50e9-eb51-4d24-95b3-67940ed5e6d1,S_P1,AI2S_3C_DN,30,80196,
test_clarinette_casque,Youmna,22,femme,oui,"16 ans",6,non,non,"la rondeur du son, le souffle",a7fb50e9-eb51-4d24-95b3-67940ed5e6d1,S_P1,AA7S_1C_DN,0,80196,
test_clarinette_casque,Youmna,22,femme,oui,"16 ans",6,non,non,"la rondeur du son, le souffle",a7fb50e9-eb51-4d24-95b3-67940ed5e6d1,S_P3,AA7S_1C_DN,20,76582,
test_clarinette_casque,Youmna,22,femme,oui,"16 ans",6,non,non,"la rondeur du son, le souffle",a7fb50e9-eb51-4d24-95b3-67940ed5e6d1,S_P3,AR1S_1C_DN,50,76582,
test_clarinette_casque,Youmna,22,femme,oui,"16 ans",6,non,non,"la rondeur du son, le souffle",a7fb50e9-eb51-4d24-95b3-67940ed5e6d1,S_P3,AI2S_3C_DN,80,76582,
test_clarinette_casque,Youmna,22,femme,oui,"16 ans",6,non,non,"la rondeur du son, le souffle",a7fb50e9-eb51-4d24-95b3-67940ed5e6d1,S_P3,reference,100,76582,
test_clarinette_casque,Youmna,22,femme,oui,"16 ans",6,non,non,"la rondeur du son, le souffle",a7fb50e9-eb51-4d24-95b3-67940ed5e6d1,S_P2,reference,99,59205,
test_clarinette_casque,Youmna,22,femme,oui,"16 ans",6,non,non,"la rondeur du son, le souffle",a7fb50e9-eb51-4d24-95b3-67940ed5e6d1,S_P2,AA7S_1C_DN,20,59205,
test_clarinette_casque,Youmna,22,femme,oui,"16 ans",6,non,non,"la rondeur du son, le souffle",a7fb50e9-eb51-4d24-95b3-67940ed5e6d1,S_P2,AR1S_1C_DN,50,59205,
test_clarinette_casque,Youmna,22,femme,oui,"16 ans",6,non,non,"la rondeur du son, le souffle",a7fb50e9-eb51-4d24-95b3-67940ed5e6d1,S_P2,AC3S_1C_DN,60,59205,
test_clarinette_casque,gcb,gf,homme,non,gf,gf,non,non,fh,fd5e3f46-8ba4-4896-b226-2cbd6bcf73a5,Entrainement,AEN_4,50,2613,
test_clarinette_casque,gcb,gf,homme,non,gf,gf,non,non,fh,fd5e3f46-8ba4-4896-b226-2cbd6bcf73a5,Entrainement,AEN_2,50,2613,
test_clarinette_casque,gcb,gf,homme,non,gf,gf,non,non,fh,fd5e3f46-8ba4-4896-b226-2cbd6bcf73a5,Entrainement,AEN_3,50,2613,
test_clarinette_casque,gcb,gf,homme,non,gf,gf,non,non,fh,fd5e3f46-8ba4-4896-b226-2cbd6bcf73a5,Entrainement,reference,50,2613,
test_clarinette_casque,gcb,gf,homme,non,gf,gf,non,non,fh,fd5e3f46-8ba4-4896-b226-2cbd6bcf73a5,Entrainement,AEN_5,50,2613,
test_clarinette_casque,gcb,gf,homme,non,gf,gf,non,non,fh,fd5e3f46-8ba4-4896-b226-2cbd6bcf73a5,P_P3,AR1P_1C_DN,50,949,
test_clarinette_casque,gcb,gf,homme,non,gf,gf,non,non,fh,fd5e3f46-8ba4-4896-b226-2cbd6bcf73a5,P_P3,AI2P_3C_DN,50,949,
test_clarinette_casque,gcb,gf,homme,non,gf,gf,non,non,fh,fd5e3f46-8ba4-4896-b226-2cbd6bcf73a5,P_P3,AA7P_1C_DN,50,949,
test_clarinette_casque,gcb,gf,homme,non,gf,gf,non,non,fh,fd5e3f46-8ba4-4896-b226-2cbd6bcf73a5,P_P3,reference,50,949,
test_clarinette_casque,gcb,gf,homme,non,gf,gf,non,non,fh,fd5e3f46-8ba4-4896-b226-2cbd6bcf73a5,P_P2,AC3P_1C_DN,50,441,
test_clarinette_casque,gcb,gf,homme,non,gf,gf,non,non,fh,fd5e3f46-8ba4-4896-b226-2cbd6bcf73a5,P_P2,AR1P_1C_DN,50,441,
test_clarinette_casque,gcb,gf,homme,non,gf,gf,non,non,fh,fd5e3f46-8ba4-4896-b226-2cbd6bcf73a5,P_P2,AA7P_1C_DN,50,441,
test_clarinette_casque,gcb,gf,homme,non,gf,gf,non,non,fh,fd5e3f46-8ba4-4896-b226-2cbd6bcf73a5,P_P2,reference,50,441,
test_clarinette_casque,gcb,gf,homme,non,gf,gf,non,non,fh,fd5e3f46-8ba4-4896-b226-2cbd6bcf73a5,P_P1,AI2P_3C_DN,50,135,
test_clarinette_casque,gcb,gf,homme,non,gf,gf,non,non,fh,fd5e3f46-8ba4-4896-b226-2cbd6bcf73a5,P_P1,AA7P_1C_DN,50,135,
test_clarinette_casque,gcb,gf,homme,non,gf,gf,non,non,fh,fd5e3f46-8ba4-4896-b226-2cbd6bcf73a5,P_P1,AC3P_1C_DN,50,135,
test_clarinette_casque,gcb,gf,homme,non,gf,gf,non,non,fh,fd5e3f46-8ba4-4896-b226-2cbd6bcf73a5,P_P1,reference,50,135,
test_clarinette_casque,gcb,gf,homme,non,gf,gf,non,non,fh,fd5e3f46-8ba4-4896-b226-2cbd6bcf73a5,G_P1,reference,50,114,
test_clarinette_casque,gcb,gf,homme,non,gf,gf,non,non,fh,fd5e3f46-8ba4-4896-b226-2cbd6bcf73a5,G_P1,AC3G_3C_DN,50,114,
test_clarinette_casque,gcb,gf,homme,non,gf,gf,non,non,fh,fd5e3f46-8ba4-4896-b226-2cbd6bcf73a5,G_P1,AC3G_2C_DN,50,114,
test_clarinette_casque,gcb,gf,homme,non,gf,gf,non,non,fh,fd5e3f46-8ba4-4896-b226-2cbd6bcf73a5,G_P1,AC3G_5C_DN,50,114,
test_clarinette_casque,gcb,gf,homme,non,gf,gf,non,non,fh,fd5e3f46-8ba4-4896-b226-2cbd6bcf73a5,G_P1,AC3G_4C_DN,50,114,
test_clarinette_casque,gcb,gf,homme,non,gf,gf,non,non,fh,fd5e3f46-8ba4-4896-b226-2cbd6bcf73a5,G_P1,AA7G_1C_DN,50,114,
test_clarinette_casque,gcb,gf,homme,non,gf,gf,non,non,fh,fd5e3f46-8ba4-4896-b226-2cbd6bcf73a5,S_P1,reference,50,140,
test_clarinette_casque,gcb,gf,homme,non,gf,gf,non,non,fh,fd5e3f46-8ba4-4896-b226-2cbd6bcf73a5,S_P1,AC3S_1C_DN,50,140,
test_clarinette_casque,gcb,gf,homme,non,gf,gf,non,non,fh,fd5e3f46-8ba4-4896-b226-2cbd6bcf73a5,S_P1,AI2S_3C_DN,50,140,
test_clarinette_casque,gcb,gf,homme,non,gf,gf,non,non,fh,fd5e3f46-8ba4-4896-b226-2cbd6bcf73a5,S_P1,AA7S_1C_DN,50,140,
test_clarinette_casque,gcb,gf,homme,non,gf,gf,non,non,fh,fd5e3f46-8ba4-4896-b226-2cbd6bcf73a5,S_P3,AA7S_1C_DN,50,140,
test_clarinette_casque,gcb,gf,homme,non,gf,gf,non,non,fh,fd5e3f46-8ba4-4896-b226-2cbd6bcf73a5,S_P3,AR1S_1C_DN,50,140,
test_clarinette_casque,gcb,gf,homme,non,gf,gf,non,non,fh,fd5e3f46-8ba4-4896-b226-2cbd6bcf73a5,S_P3,AI2S_3C_DN,50,140,
test_clarinette_casque,gcb,gf,homme,non,gf,gf,non,non,fh,fd5e3f46-8ba4-4896-b226-2cbd6bcf73a5,S_P3,reference,50,140,
test_clarinette_casque,gcb,gf,homme,non,gf,gf,non,non,fh,fd5e3f46-8ba4-4896-b226-2cbd6bcf73a5,S_P2,AR1S_1C_DN,50,159,
test_clarinette_casque,gcb,gf,homme,non,gf,gf,non,non,fh,fd5e3f46-8ba4-4896-b226-2cbd6bcf73a5,S_P2,AC3S_1C_DN,50,159,
test_clarinette_casque,gcb,gf,homme,non,gf,gf,non,non,fh,fd5e3f46-8ba4-4896-b226-2cbd6bcf73a5,S_P2,AA7S_1C_DN,50,159,
test_clarinette_casque,gcb,gf,homme,non,gf,gf,non,non,fh,fd5e3f46-8ba4-4896-b226-2cbd6bcf73a5,S_P2,reference,50,159,
test_clarinette_casque,Hugo,30,homme,oui,3,7,non,non,souffle,37db2322-efd6-4144-854e-f3d5bf73beb1,Entrainement,AEN_3,61,53208,
test_clarinette_casque,Hugo,30,homme,oui,3,7,non,non,souffle,37db2322-efd6-4144-854e-f3d5bf73beb1,Entrainement,AEN_5,12,53208,
test_clarinette_casque,Hugo,30,homme,oui,3,7,non,non,souffle,37db2322-efd6-4144-854e-f3d5bf73beb1,Entrainement,reference,100,53208,
test_clarinette_casque,Hugo,30,homme,oui,3,7,non,non,souffle,37db2322-efd6-4144-854e-f3d5bf73beb1,Entrainement,AEN_2,86,53208,
test_clarinette_casque,Hugo,30,homme,oui,3,7,non,non,souffle,37db2322-efd6-4144-854e-f3d5bf73beb1,Entrainement,AEN_4,50,53208,
test_clarinette_casque,Hugo,30,homme,oui,3,7,non,non,souffle,37db2322-efd6-4144-854e-f3d5bf73beb1,P_P2,AR1P_1C_DN,50,40396,
test_clarinette_casque,Hugo,30,homme,oui,3,7,non,non,souffle,37db2322-efd6-4144-854e-f3d5bf73beb1,P_P2,reference,89,40396,
test_clarinette_casque,Hugo,30,homme,oui,3,7,non,non,souffle,37db2322-efd6-4144-854e-f3d5bf73beb1,P_P2,AC3P_1C_DN,50,40396,
test_clarinette_casque,Hugo,30,homme,oui,3,7,non,non,souffle,37db2322-efd6-4144-854e-f3d5bf73beb1,P_P2,AA7P_1C_DN,24,40396,
test_clarinette_casque,Hugo,30,homme,oui,3,7,non,non,souffle,37db2322-efd6-4144-854e-f3d5bf73beb1,P_P3,AI2P_3C_DN,27,39472,
test_clarinette_casque,Hugo,30,homme,oui,3,7,non,non,souffle,37db2322-efd6-4144-854e-f3d5bf73beb1,P_P3,reference,69,39472,
test_clarinette_casque,Hugo,30,homme,oui,3,7,non,non,souffle,37db2322-efd6-4144-854e-f3d5bf73beb1,P_P3,AA7P_1C_DN,25,39472,
test_clarinette_casque,Hugo,30,homme,oui,3,7,non,non,souffle,37db2322-efd6-4144-854e-f3d5bf73beb1,P_P3,AR1P_1C_DN,100,39472,
test_clarinette_casque,Hugo,30,homme,oui,3,7,non,non,souffle,37db2322-efd6-4144-854e-f3d5bf73beb1,P_P1,AI2P_3C_DN,75,28817,
test_clarinette_casque,Hugo,30,homme,oui,3,7,non,non,souffle,37db2322-efd6-4144-854e-f3d5bf73beb1,P_P1,reference,88,28817,
test_clarinette_casque,Hugo,30,homme,oui,3,7,non,non,souffle,37db2322-efd6-4144-854e-f3d5bf73beb1,P_P1,AC3P_1C_DN,28,28817,
test_clarinette_casque,Hugo,30,homme,oui,3,7,non,non,souffle,37db2322-efd6-4144-854e-f3d5bf73beb1,P_P1,AA7P_1C_DN,50,28817,
test_clarinette_casque,Hugo,30,homme,oui,3,7,non,non,souffle,37db2322-efd6-4144-854e-f3d5bf73beb1,G_P1,AC3G_3C_DN,70,40253,
test_clarinette_casque,Hugo,30,homme,oui,3,7,non,non,souffle,37db2322-efd6-4144-854e-f3d5bf73beb1,G_P1,AA7G_1C_DN,10,40253,
test_clarinette_casque,Hugo,30,homme,oui,3,7,non,non,souffle,37db2322-efd6-4144-854e-f3d5bf73beb1,G_P1,AC3G_4C_DN,92,40253,
test_clarinette_casque,Hugo,30,homme,oui,3,7,non,non,souffle,37db2322-efd6-4144-854e-f3d5bf73beb1,G_P1,AC3G_2C_DN,86,40253,
test_clarinette_casque,Hugo,30,homme,oui,3,7,non,non,souffle,37db2322-efd6-4144-854e-f3d5bf73beb1,G_P1,reference,99,40253,
test_clarinette_casque,Hugo,30,homme,oui,3,7,non,non,souffle,37db2322-efd6-4144-854e-f3d5bf73beb1,G_P1,AC3G_5C_DN,98,40253,
test_clarinette_casque,Hugo,30,homme,oui,3,7,non,non,souffle,37db2322-efd6-4144-854e-f3d5bf73beb1,S_P2,AA7S_1C_DN,13,41144,
test_clarinette_casque,Hugo,30,homme,oui,3,7,non,non,souffle,37db2322-efd6-4144-854e-f3d5bf73beb1,S_P2,AC3S_1C_DN,88,41144,
test_clarinette_casque,Hugo,30,homme,oui,3,7,non,non,souffle,37db2322-efd6-4144-854e-f3d5bf73beb1,S_P2,reference,94,41144,
test_clarinette_casque,Hugo,30,homme,oui,3,7,non,non,souffle,37db2322-efd6-4144-854e-f3d5bf73beb1,S_P2,AR1S_1C_DN,50,41144,
test_clarinette_casque,Hugo,30,homme,oui,3,7,non,non,souffle,37db2322-efd6-4144-854e-f3d5bf73beb1,S_P3,AI2S_3C_DN,89,24955,
test_clarinette_casque,Hugo,30,homme,oui,3,7,non,non,souffle,37db2322-efd6-4144-854e-f3d5bf73beb1,S_P3,AR1S_1C_DN,67,24955,
test_clarinette_casque,Hugo,30,homme,oui,3,7,non,non,souffle,37db2322-efd6-4144-854e-f3d5bf73beb1,S_P3,AA7S_1C_DN,9,24955,
test_clarinette_casque,Hugo,30,homme,oui,3,7,non,non,souffle,37db2322-efd6-4144-854e-f3d5bf73beb1,S_P3,reference,85,24955,
test_clarinette_casque,Hugo,30,homme,oui,3,7,non,non,souffle,37db2322-efd6-4144-854e-f3d5bf73beb1,S_P1,reference,71,55410,
test_clarinette_casque,Hugo,30,homme,oui,3,7,non,non,souffle,37db2322-efd6-4144-854e-f3d5bf73beb1,S_P1,AI2S_3C_DN,50,55410,
test_clarinette_casque,Hugo,30,homme,oui,3,7,non,non,souffle,37db2322-efd6-4144-854e-f3d5bf73beb1,S_P1,AA7S_1C_DN,9,55410,
test_clarinette_casque,Hugo,30,homme,oui,3,7,non,non,souffle,37db2322-efd6-4144-854e-f3d5bf73beb1,S_P1,AC3S_1C_DN,100,55410,
test_clarinette_casque,Goulven,24,homme,oui,"16 ans","8 ans",non,non,"Clarté du son",bb17289e-5a39-48ee-8874-99189fadaf17,Entrainement,AEN_3,54,69337,
test_clarinette_casque,Goulven,24,homme,oui,"16 ans","8 ans",non,non,"Clarté du son",bb17289e-5a39-48ee-8874-99189fadaf17,Entrainement,AEN_2,78,69337,
test_clarinette_casque,Goulven,24,homme,oui,"16 ans","8 ans",non,non,"Clarté du son",bb17289e-5a39-48ee-8874-99189fadaf17,Entrainement,AEN_4,64,69337,
test_clarinette_casque,Goulven,24,homme,oui,"16 ans","8 ans",non,non,"Clarté du son",bb17289e-5a39-48ee-8874-99189fadaf17,Entrainement,AEN_5,8,69337,
test_clarinette_casque,Goulven,24,homme,oui,"16 ans","8 ans",non,non,"Clarté du son",bb17289e-5a39-48ee-8874-99189fadaf17,Entrainement,reference,100,69337,
test_clarinette_casque,Goulven,24,homme,oui,"16 ans","8 ans",non,non,"Clarté du son",bb17289e-5a39-48ee-8874-99189fadaf17,P_P2,AC3P_1C_DN,83,48061,
test_clarinette_casque,Goulven,24,homme,oui,"16 ans","8 ans",non,non,"Clarté du son",bb17289e-5a39-48ee-8874-99189fadaf17,P_P2,reference,100,48061,
test_clarinette_casque,Goulven,24,homme,oui,"16 ans","8 ans",non,non,"Clarté du son",bb17289e-5a39-48ee-8874-99189fadaf17,P_P2,AA7P_1C_DN,56,48061,
test_clarinette_casque,Goulven,24,homme,oui,"16 ans","8 ans",non,non,"Clarté du son",bb17289e-5a39-48ee-8874-99189fadaf17,P_P2,AR1P_1C_DN,68,48061,
test_clarinette_casque,Goulven,24,homme,oui,"16 ans","8 ans",non,non,"Clarté du son",bb17289e-5a39-48ee-8874-99189fadaf17,P_P1,reference,100,32531,
test_clarinette_casque,Goulven,24,homme,oui,"16 ans","8 ans",non,non,"Clarté du son",bb17289e-5a39-48ee-8874-99189fadaf17,P_P1,AC3P_1C_DN,82,32531,
test_clarinette_casque,Goulven,24,homme,oui,"16 ans","8 ans",non,non,"Clarté du son",bb17289e-5a39-48ee-8874-99189fadaf17,P_P1,AA7P_1C_DN,31,32531,
test_clarinette_casque,Goulven,24,homme,oui,"16 ans","8 ans",non,non,"Clarté du son",bb17289e-5a39-48ee-8874-99189fadaf17,P_P1,AI2P_3C_DN,79,32531,
test_clarinette_casque,Goulven,24,homme,oui,"16 ans","8 ans",non,non,"Clarté du son",bb17289e-5a39-48ee-8874-99189fadaf17,P_P3,AR1P_1C_DN,81,65977,
test_clarinette_casque,Goulven,24,homme,oui,"16 ans","8 ans",non,non,"Clarté du son",bb17289e-5a39-48ee-8874-99189fadaf17,P_P3,AI2P_3C_DN,80,65977,
test_clarinette_casque,Goulven,24,homme,oui,"16 ans","8 ans",non,non,"Clarté du son",bb17289e-5a39-48ee-8874-99189fadaf17,P_P3,reference,100,65977,
test_clarinette_casque,Goulven,24,homme,oui,"16 ans","8 ans",non,non,"Clarté du son",bb17289e-5a39-48ee-8874-99189fadaf17,P_P3,AA7P_1C_DN,50,65977,
test_clarinette_casque,Goulven,24,homme,oui,"16 ans","8 ans",non,non,"Clarté du son",bb17289e-5a39-48ee-8874-99189fadaf17,G_P1,AC3G_2C_DN,72,60253,
test_clarinette_casque,Goulven,24,homme,oui,"16 ans","8 ans",non,non,"Clarté du son",bb17289e-5a39-48ee-8874-99189fadaf17,G_P1,AC3G_3C_DN,88,60253,
test_clarinette_casque,Goulven,24,homme,oui,"16 ans","8 ans",non,non,"Clarté du son",bb17289e-5a39-48ee-8874-99189fadaf17,G_P1,AA7G_1C_DN,14,60253,
test_clarinette_casque,Goulven,24,homme,oui,"16 ans","8 ans",non,non,"Clarté du son",bb17289e-5a39-48ee-8874-99189fadaf17,G_P1,reference,100,60253,
test_clarinette_casque,Goulven,24,homme,oui,"16 ans","8 ans",non,non,"Clarté du son",bb17289e-5a39-48ee-8874-99189fadaf17,G_P1,AC3G_4C_DN,81,60253,
test_clarinette_casque,Goulven,24,homme,oui,"16 ans","8 ans",non,non,"Clarté du son",bb17289e-5a39-48ee-8874-99189fadaf17,G_P1,AC3G_5C_DN,81,60253,
test_clarinette_casque,Goulven,24,homme,oui,"16 ans","8 ans",non,non,"Clarté du son",bb17289e-5a39-48ee-8874-99189fadaf17,S_P1,AC3S_1C_DN,85,37380,
test_clarinette_casque,Goulven,24,homme,oui,"16 ans","8 ans",non,non,"Clarté du son",bb17289e-5a39-48ee-8874-99189fadaf17,S_P1,reference,100,37380,
test_clarinette_casque,Goulven,24,homme,oui,"16 ans","8 ans",non,non,"Clarté du son",bb17289e-5a39-48ee-8874-99189fadaf17,S_P1,AA7S_1C_DN,39,37380,
test_clarinette_casque,Goulven,24,homme,oui,"16 ans","8 ans",non,non,"Clarté du son",bb17289e-5a39-48ee-8874-99189fadaf17,S_P1,AI2S_3C_DN,79,37380,
test_clarinette_casque,Goulven,24,homme,oui,"16 ans","8 ans",non,non,"Clarté du son",bb17289e-5a39-48ee-8874-99189fadaf17,S_P3,AI2S_3C_DN,87,47362,
test_clarinette_casque,Goulven,24,homme,oui,"16 ans","8 ans",non,non,"Clarté du son",bb17289e-5a39-48ee-8874-99189fadaf17,S_P3,AR1S_1C_DN,100,47362,
test_clarinette_casque,Goulven,24,homme,oui,"16 ans","8 ans",non,non,"Clarté du son",bb17289e-5a39-48ee-8874-99189fadaf17,S_P3,AA7S_1C_DN,45,47362,
test_clarinette_casque,Goulven,24,homme,oui,"16 ans","8 ans",non,non,"Clarté du son",bb17289e-5a39-48ee-8874-99189fadaf17,S_P3,reference,100,47362,
test_clarinette_casque,Goulven,24,homme,oui,"16 ans","8 ans",non,non,"Clarté du son",bb17289e-5a39-48ee-8874-99189fadaf17,S_P2,AC3S_1C_DN,81,43961,
test_clarinette_casque,Goulven,24,homme,oui,"16 ans","8 ans",non,non,"Clarté du son",bb17289e-5a39-48ee-8874-99189fadaf17,S_P2,AA7S_1C_DN,43,43961,
test_clarinette_casque,Goulven,24,homme,oui,"16 ans","8 ans",non,non,"Clarté du son",bb17289e-5a39-48ee-8874-99189fadaf17,S_P2,AR1S_1C_DN,70,43961,
test_clarinette_casque,Goulven,24,homme,oui,"16 ans","8 ans",non,non,"Clarté du son",bb17289e-5a39-48ee-8874-99189fadaf17,S_P2,reference,100,43961,
test_clarinette_casque,Valentin,23,homme,oui,"J'étais enfant",5,non,non,"Mes oreilles",9779f7cb-03ac-405e-be01-7806337a3f0a,Entrainement,AEN_2,80,165612,
test_clarinette_casque,Valentin,23,homme,oui,"J'étais enfant",5,non,non,"Mes oreilles",9779f7cb-03ac-405e-be01-7806337a3f0a,Entrainement,reference,100,165612,
test_clarinette_casque,Valentin,23,homme,oui,"J'étais enfant",5,non,non,"Mes oreilles",9779f7cb-03ac-405e-be01-7806337a3f0a,Entrainement,AEN_4,30,165612,
test_clarinette_casque,Valentin,23,homme,oui,"J'étais enfant",5,non,non,"Mes oreilles",9779f7cb-03ac-405e-be01-7806337a3f0a,Entrainement,AEN_5,0,165612,
test_clarinette_casque,Valentin,23,homme,oui,"J'étais enfant",5,non,non,"Mes oreilles",9779f7cb-03ac-405e-be01-7806337a3f0a,Entrainement,AEN_3,60,165612,
test_clarinette_casque,Valentin,23,homme,oui,"J'étais enfant",5,non,non,"Mes oreilles",9779f7cb-03ac-405e-be01-7806337a3f0a,P_P3,reference,100,120047,
test_clarinette_casque,Valentin,23,homme,oui,"J'étais enfant",5,non,non,"Mes oreilles",9779f7cb-03ac-405e-be01-7806337a3f0a,P_P3,AA7P_1C_DN,0,120047,
test_clarinette_casque,Valentin,23,homme,oui,"J'étais enfant",5,non,non,"Mes oreilles",9779f7cb-03ac-405e-be01-7806337a3f0a,P_P3,AI2P_3C_DN,30,120047,
test_clarinette_casque,Valentin,23,homme,oui,"J'étais enfant",5,non,non,"Mes oreilles",9779f7cb-03ac-405e-be01-7806337a3f0a,P_P3,AR1P_1C_DN,60,120047,
test_clarinette_casque,Valentin,23,homme,oui,"J'étais enfant",5,non,non,"Mes oreilles",9779f7cb-03ac-405e-be01-7806337a3f0a,P_P1,AC3P_1C_DN,70,172978,
test_clarinette_casque,Valentin,23,homme,oui,"J'étais enfant",5,non,non,"Mes oreilles",9779f7cb-03ac-405e-be01-7806337a3f0a,P_P1,AA7P_1C_DN,0,172978,
test_clarinette_casque,Valentin,23,homme,oui,"J'étais enfant",5,non,non,"Mes oreilles",9779f7cb-03ac-405e-be01-7806337a3f0a,P_P1,reference,100,172978,
test_clarinette_casque,Valentin,23,homme,oui,"J'étais enfant",5,non,non,"Mes oreilles",9779f7cb-03ac-405e-be01-7806337a3f0a,P_P1,AI2P_3C_DN,60,172978,
test_clarinette_casque,Valentin,23,homme,oui,"J'étais enfant",5,non,non,"Mes oreilles",9779f7cb-03ac-405e-be01-7806337a3f0a,P_P2,AR1P_1C_DN,70,246576,
test_clarinette_casque,Valentin,23,homme,oui,"J'étais enfant",5,non,non,"Mes oreilles",9779f7cb-03ac-405e-be01-7806337a3f0a,P_P2,AA7P_1C_DN,0,246576,
test_clarinette_casque,Valentin,23,homme,oui,"J'étais enfant",5,non,non,"Mes oreilles",9779f7cb-03ac-405e-be01-7806337a3f0a,P_P2,reference,100,246576,
test_clarinette_casque,Valentin,23,homme,oui,"J'étais enfant",5,non,non,"Mes oreilles",9779f7cb-03ac-405e-be01-7806337a3f0a,P_P2,AC3P_1C_DN,85,246576,
test_clarinette_casque,Valentin,23,homme,oui,"J'étais enfant",5,non,non,"Mes oreilles",9779f7cb-03ac-405e-be01-7806337a3f0a,G_P1,AC3G_5C_DN,65,176497,
test_clarinette_casque,Valentin,23,homme,oui,"J'étais enfant",5,non,non,"Mes oreilles",9779f7cb-03ac-405e-be01-7806337a3f0a,G_P1,AC3G_2C_DN,90,176497,
test_clarinette_casque,Valentin,23,homme,oui,"J'étais enfant",5,non,non,"Mes oreilles",9779f7cb-03ac-405e-be01-7806337a3f0a,G_P1,reference,100,176497,
test_clarinette_casque,Valentin,23,homme,oui,"J'étais enfant",5,non,non,"Mes oreilles",9779f7cb-03ac-405e-be01-7806337a3f0a,G_P1,AC3G_4C_DN,75,176497,
test_clarinette_casque,Valentin,23,homme,oui,"J'étais enfant",5,non,non,"Mes oreilles",9779f7cb-03ac-405e-be01-7806337a3f0a,G_P1,AA7G_1C_DN,5,176497,
test_clarinette_casque,Valentin,23,homme,oui,"J'étais enfant",5,non,non,"Mes oreilles",9779f7cb-03ac-405e-be01-7806337a3f0a,G_P1,AC3G_3C_DN,40,176497,
test_clarinette_casque,Valentin,23,homme,oui,"J'étais enfant",5,non,non,"Mes oreilles",9779f7cb-03ac-405e-be01-7806337a3f0a,S_P1,AI2S_3C_DN,85,86218,
test_clarinette_casque,Valentin,23,homme,oui,"J'étais enfant",5,non,non,"Mes oreilles",9779f7cb-03ac-405e-be01-7806337a3f0a,S_P1,AC3S_1C_DN,80,86218,
test_clarinette_casque,Valentin,23,homme,oui,"J'étais enfant",5,non,non,"Mes oreilles",9779f7cb-03ac-405e-be01-7806337a3f0a,S_P1,AA7S_1C_DN,10,86218,
test_clarinette_casque,Valentin,23,homme,oui,"J'étais enfant",5,non,non,"Mes oreilles",9779f7cb-03ac-405e-be01-7806337a3f0a,S_P1,reference,100,86218,
test_clarinette_casque,Valentin,23,homme,oui,"J'étais enfant",5,non,non,"Mes oreilles",9779f7cb-03ac-405e-be01-7806337a3f0a,S_P2,AA7S_1C_DN,5,102536,
test_clarinette_casque,Valentin,23,homme,oui,"J'étais enfant",5,non,non,"Mes oreilles",9779f7cb-03ac-405e-be01-7806337a3f0a,S_P2,AC3S_1C_DN,70,102536,
test_clarinette_casque,Valentin,23,homme,oui,"J'étais enfant",5,non,non,"Mes oreilles",9779f7cb-03ac-405e-be01-7806337a3f0a,S_P2,reference,100,102536,
test_clarinette_casque,Valentin,23,homme,oui,"J'étais enfant",5,non,non,"Mes oreilles",9779f7cb-03ac-405e-be01-7806337a3f0a,S_P2,AR1S_1C_DN,90,102536,
test_clarinette_casque,Valentin,23,homme,oui,"J'étais enfant",5,non,non,"Mes oreilles",9779f7cb-03ac-405e-be01-7806337a3f0a,S_P3,AI2S_3C_DN,85,71403,
test_clarinette_casque,Valentin,23,homme,oui,"J'étais enfant",5,non,non,"Mes oreilles",9779f7cb-03ac-405e-be01-7806337a3f0a,S_P3,AR1S_1C_DN,90,71403,
test_clarinette_casque,Valentin,23,homme,oui,"J'étais enfant",5,non,non,"Mes oreilles",9779f7cb-03ac-405e-be01-7806337a3f0a,S_P3,AA7S_1C_DN,5,71403,
test_clarinette_casque,Valentin,23,homme,oui,"J'étais enfant",5,non,non,"Mes oreilles",9779f7cb-03ac-405e-be01-7806337a3f0a,S_P3,reference,99,71403,
test_clarinette_casque,Mathis,23,homme,oui,2,19,non,non,"Les timbres",a9006e00-a047-401f-8b12-36fe23d36f72,Entrainement,reference,79,56501,
test_clarinette_casque,Mathis,23,homme,oui,2,19,non,non,"Les timbres",a9006e00-a047-401f-8b12-36fe23d36f72,Entrainement,AEN_3,59,56501,
test_clarinette_casque,Mathis,23,homme,oui,2,19,non,non,"Les timbres",a9006e00-a047-401f-8b12-36fe23d36f72,Entrainement,AEN_4,32,56501,
test_clarinette_casque,Mathis,23,homme,oui,2,19,non,non,"Les timbres",a9006e00-a047-401f-8b12-36fe23d36f72,Entrainement,AEN_5,0,56501,
test_clarinette_casque,Mathis,23,homme,oui,2,19,non,non,"Les timbres",a9006e00-a047-401f-8b12-36fe23d36f72,Entrainement,AEN_2,100,56501,
test_clarinette_casque,Mathis,23,homme,oui,2,19,non,non,"Les timbres",a9006e00-a047-401f-8b12-36fe23d36f72,P_P1,reference,100,248930,
test_clarinette_casque,Mathis,23,homme,oui,2,19,non,non,"Les timbres",a9006e00-a047-401f-8b12-36fe23d36f72,P_P1,AI2P_3C_DN,83,248930,
test_clarinette_casque,Mathis,23,homme,oui,2,19,non,non,"Les timbres",a9006e00-a047-401f-8b12-36fe23d36f72,P_P1,AA7P_1C_DN,0,248930,
test_clarinette_casque,Mathis,23,homme,oui,2,19,non,non,"Les timbres",a9006e00-a047-401f-8b12-36fe23d36f72,P_P1,AC3P_1C_DN,40,248930,
test_clarinette_casque,Mathis,23,homme,oui,2,19,non,non,"Les timbres",a9006e00-a047-401f-8b12-36fe23d36f72,P_P3,AI2P_3C_DN,85,202900,
test_clarinette_casque,Mathis,23,homme,oui,2,19,non,non,"Les timbres",a9006e00-a047-401f-8b12-36fe23d36f72,P_P3,AR1P_1C_DN,31,202900,
test_clarinette_casque,Mathis,23,homme,oui,2,19,non,non,"Les timbres",a9006e00-a047-401f-8b12-36fe23d36f72,P_P3,reference,100,202900,
test_clarinette_casque,Mathis,23,homme,oui,2,19,non,non,"Les timbres",a9006e00-a047-401f-8b12-36fe23d36f72,P_P3,AA7P_1C_DN,0,202900,
test_clarinette_casque,Mathis,23,homme,oui,2,19,non,non,"Les timbres",a9006e00-a047-401f-8b12-36fe23d36f72,P_P2,reference,95,79003,
test_clarinette_casque,Mathis,23,homme,oui,2,19,non,non,"Les timbres",a9006e00-a047-401f-8b12-36fe23d36f72,P_P2,AA7P_1C_DN,0,79003,
test_clarinette_casque,Mathis,23,homme,oui,2,19,non,non,"Les timbres",a9006e00-a047-401f-8b12-36fe23d36f72,P_P2,AR1P_1C_DN,21,79003,
test_clarinette_casque,Mathis,23,homme,oui,2,19,non,non,"Les timbres",a9006e00-a047-401f-8b12-36fe23d36f72,P_P2,AC3P_1C_DN,44,79003,
test_clarinette_casque,Mathis,23,homme,oui,2,19,non,non,"Les timbres",a9006e00-a047-401f-8b12-36fe23d36f72,G_P1,AA7G_1C_DN,1,38538,
test_clarinette_casque,Mathis,23,homme,oui,2,19,non,non,"Les timbres",a9006e00-a047-401f-8b12-36fe23d36f72,G_P1,AC3G_4C_DN,100,38538,
test_clarinette_casque,Mathis,23,homme,oui,2,19,non,non,"Les timbres",a9006e00-a047-401f-8b12-36fe23d36f72,G_P1,reference,73,38538,
test_clarinette_casque,Mathis,23,homme,oui,2,19,non,non,"Les timbres",a9006e00-a047-401f-8b12-36fe23d36f72,G_P1,AC3G_5C_DN,77,38538,
test_clarinette_casque,Mathis,23,homme,oui,2,19,non,non,"Les timbres",a9006e00-a047-401f-8b12-36fe23d36f72,G_P1,AC3G_3C_DN,77,38538,
test_clarinette_casque,Mathis,23,homme,oui,2,19,non,non,"Les timbres",a9006e00-a047-401f-8b12-36fe23d36f72,G_P1,AC3G_2C_DN,100,38538,
test_clarinette_casque,Mathis,23,homme,oui,2,19,non,non,"Les timbres",a9006e00-a047-401f-8b12-36fe23d36f72,S_P2,reference,100,129426,
test_clarinette_casque,Mathis,23,homme,oui,2,19,non,non,"Les timbres",a9006e00-a047-401f-8b12-36fe23d36f72,S_P2,AR1S_1C_DN,45,129426,
test_clarinette_casque,Mathis,23,homme,oui,2,19,non,non,"Les timbres",a9006e00-a047-401f-8b12-36fe23d36f72,S_P2,AC3S_1C_DN,31,129426,
test_clarinette_casque,Mathis,23,homme,oui,2,19,non,non,"Les timbres",a9006e00-a047-401f-8b12-36fe23d36f72,S_P2,AA7S_1C_DN,0,129426,
test_clarinette_casque,Mathis,23,homme,oui,2,19,non,non,"Les timbres",a9006e00-a047-401f-8b12-36fe23d36f72,S_P1,reference,100,168549,
test_clarinette_casque,Mathis,23,homme,oui,2,19,non,non,"Les timbres",a9006e00-a047-401f-8b12-36fe23d36f72,S_P1,AC3S_1C_DN,81,168549,
test_clarinette_casque,Mathis,23,homme,oui,2,19,non,non,"Les timbres",a9006e00-a047-401f-8b12-36fe23d36f72,S_P1,AA7S_1C_DN,0,168549,
test_clarinette_casque,Mathis,23,homme,oui,2,19,non,non,"Les timbres",a9006e00-a047-401f-8b12-36fe23d36f72,S_P1,AI2S_3C_DN,28,168549,
test_clarinette_casque,Mathis,23,homme,oui,2,19,non,non,"Les timbres",a9006e00-a047-401f-8b12-36fe23d36f72,S_P3,AA7S_1C_DN,0,114768,
test_clarinette_casque,Mathis,23,homme,oui,2,19,non,non,"Les timbres",a9006e00-a047-401f-8b12-36fe23d36f72,S_P3,AR1S_1C_DN,73,114768,
test_clarinette_casque,Mathis,23,homme,oui,2,19,non,non,"Les timbres",a9006e00-a047-401f-8b12-36fe23d36f72,S_P3,reference,95,114768,
test_clarinette_casque,Mathis,23,homme,oui,2,19,non,non,"Les timbres",a9006e00-a047-401f-8b12-36fe23d36f72,S_P3,AI2S_3C_DN,51,114768,
